评论内容,label
位于金银湖万达广场四楼，这家自助火锅店性价比很高，肉类和饮料都是不限量的。过来吃了两次，第一次是两口子一起来的，第二次是和爸妈一起来的，每次都吃得饱饱的。不得不说，他家牛肉🥩还是挺新鲜的，蘸酱料吃味道还不错～就是菜品不够丰富，第一次去还有虾、猪脑、培根卷，第二次去这两样都没有了，而且饮料柜里还少了猕猴桃🥝汁和芒果🥭汁。老板不能生意做大了就减品减量啊，这样怎么可能还有回头客呢？顾客又不傻……,0
在附近想找个自助餐吃吃，但才三点多好多店菜品都没备齐全看了两家菜品之后还是选择了这家，虽然菜品不多体验感蛮好老板也蛮好的，主动让我们去波波间买券，加上锅底（选的19.9的鸳鸯锅）一共120左右 菜品种类不多，但有鲜切牛肉和基围虾（这两样吃的比较多）而且味道也挺好的，辣锅真的比很多自助餐的锅底都要好吃，所以涮的菜也好好吃,0
没想到我在一家火锅推荐他家冰淇淋，但是自己扭真的很有趣！总而言之，是家值得一来的火锅店，不会失望！位置好。服务很热情，加汤倒水都很勤，还会给你端水果，菜品都很新鲜，毛肚好好吃，鲜牛肉用干碟味道是最好的，但是有点辣，肥牛味道也很棒。锅底最棒的，味道很好，骨汤很清淡，饮料随便喝，自助很划算，适合小朋友。下次再来,0
"在网上看到很多人推荐这家川菜自助火锅馆,终于决定来尝尝。果然名不虚传!麻辣鲜香的味道让人回味无穷。鱼肉尤其鲜嫩，麻辣味十足，真是让人欲罢不能。店内装修也很有特色，充满了四川风情。",0
万达广场4楼，店面挺大的，一家四口过来，老人半价，还挺划算的，不过锅底要另外付费，都是19.9吧，感觉他家的食材种类不多，肉类很少，其他的熟食也不多，味道还行吧，冰淇淋没有了也不加，临走前也没有吃到,0
这家店装修风格很好看自助的菜品也很多锅底也非常浓郁很好吃还有很多小甜品和零食饮料特别划算几十块钱吃到饱服务态度也很好菜品及时补货体验感很好非常推荐来品尝,0
牛肉不限量的火锅真是吃到爽，而且性价比也超级高！ 「鲜牛肉」 各种牛肉随便拿，随便一涮就很嫩，肉质也不错，蘸佐料吃可以吃好多！ 「青菜」 里面还有各种菜式可以涮火锅，种类也比较齐全 「饮品」 里面有自助饮品，带气的、咖啡、豆奶、红茶之类的都有,0
巨难吃，就是麻辣烫的水平，食品材料巨差，59.9一个人老板笑赚59。服务员没几个，从头到尾没人加汤，好评都是刷的。锅底清汤寡水跟洗锅水一样。架子都是空的，太垃圾了，估计快倒了,0
哎呀，这次的火锅自助体验真的让我有些失望呢~(✿◡‿◡)菜品的新鲜度似乎没有达到我的期待。部分食材看起来像是已经放置了一段时间，口感和味道都受到了影响。希望店家能够重视这个问题，提升食材的新鲜度，让我们能够享受到更加美味的火锅自助。,0
周末去东西湖万达玩，这家火锅算比较不错的。牛肉非常新鲜，属于自助类的，锅底另外收费。 食材的非常新鲜，牛肉品种挺多的，基本都是烫几秒就吃，店面也非常发，平时去都不用排队。 饮料品种很多，每次孩子都专注吃冰淇淋和饮料，十岁孩子买全票，属实划不来。,0
自助餐的品种一般，甜品不好吃，蔬菜啥的也一般，辣锅不够辣，清汤锅适合煮虾子，但优点是鲜牛肉还可以，羊肉膻味重，我不喜欢，狂吃牛肉就可以了，服务员挺热情的，一直收盘子加汤，人比较少，没有水果这点不太好，但是这个价格吃牛肉还是不错的,0
这个地理位置特别好。离地铁站近。出门口就到。方便。服务员特别热情。而且他们的味道特别好。今天吃的是辣的。特别香。喜欢吃自助火锅的宝子们可以来品尝一下,0
吃了两次，不知道吃什么的时候就去了这家！整体还是不错的，毕竟价格划算的，只是有些品类不是每次会有！酱料不是很多！如果有花生碎和芝麻就更好了！,0
被大众带过来的说是有正中的羊肉，结果让人很出乎意料，首先是锅底单独收费19.9元，收费的锅底看着也没什么特色，在是里面的菜品并不多，羊肉看着也一般吧，说是现切，我看着跟其它火锅店都一样，我是8点多去的，基本没有什么了，非常普通的菜品，没什么可以吸引人的，下次也不会再去了,0
一个月内吃了两次自助，口味还行，食材比较新鲜，感觉饮品鲜榨果汁太少了，寿司品种也不多，三文鱼配的芥末酱油味道一般，偏咸[点赞] 天妇罗还可以，冰激淋也一般般，性价比很一般，服务态度也不错，还行吧，反正一两年吃一次还行吧,0
一直对大渔铁板烧有着不错的印象 之前经常去武汉天地家这次就近选择的群星城 总体来说还行不知道是不是人比较多的缘故 甜虾跟三文鱼有的还没解冻好 甜虾偏小差点新鲜度第二批上的三文鱼位置就好些 不过师傅剔骨手艺略差三文鱼的小刺没有剔除干净 有六七根小刺 推荐「泰式黑虎虾」「香辣虾」「蒜蓉鲍鱼」,0
打卡群星城【大渔•铁板烧】  公司聚餐选在了这家店 不得不说是吃过最难吃的铁板烧  首先上菜是真的很慢点的炒饭一直没有上 厨师还时不时跑到后厨去摸鱼 消失了十分钟才回来面前的顾客管都不管的  再就是这个手艺我都懒得吐槽了 所有的新鲜食材被你们的厨师烤的 糊的糊烂的烂咸的咸 一共点了差不多20-30个品种 我愣是只找得出来2-3种还算“好吃”的  不知道是不是大渔的传统 基本所有的菜都要撒盐➕胡椒➕耗油➕酱 不咸才怪了完全吃不出来食材本身的味道 哦对了还有超级无敌油 炒了不到10个菜小油壶都空了还要续油壶  这手艺是真的不敢恭维 你就算放铁板上给他烤熟撒一点点基本调料 都比这个要好吃的多  总之就是 花了俩小时看着厨师忙忙叨叨 吃了一餐没吃饱很难吃的铁板烧 完全不值230这个价位 有这个钱去吃金马门不知道能有多开心 避雷了完全不推荐❌🔚,0
过年前带着店里的员工小姐姐们去吃的，辛苦一年了，带她们吃点好的，哈哈哈～ 我们就在群星城旁边的写字楼上班，过去很方便，去的时候店里人有点多，不过还好我们提前定了位置，没有等多久就到我们了，大渔铁板烧自助应该算是武汉老品牌自助了，开这么多年生意还这么火爆是有原因的，菜品都很不错，三文鱼挺不错的，还有甜虾，又大又新鲜，海螺片也很好吃，生蚝扇贝，蒜蓉扇贝味道都不错，水果是车厘子，真的是吃到爽，这次团建大家都吃的很开心哈哈哈哈哈哈,0
餐厅的装修风格现代简约，宽敞的用餐区域让人感到舒适。在这里，顾客可以自助挑选各种美食，包括新鲜的刺身、美味的烤鱼、口感细腻的铁板烧以及各种中式热菜、凉菜、甜点和饮料等。  我们品尝了多道铁板烧菜品，每一道都烹饪得恰到好处，食材新鲜，调味适宜。此外，自助区还有各种热菜，如红烧肉、宫保鸡丁等，以及丰富的素食选择，满足了不同顾客的口味和需求。,0
大渔铁板烧自助应该算是武汉老牌自助了，很多年前吃过几次，那时候汉街万达还没有拆，给人感觉味道品控都比较一般，而且砍单严重，最近来吃群星城这家店，砍单现象倒是没了，基本上点的全都上了，只不过味道食材真的很一般，品类还算比较多，但是吃过一轮之后让人都不想再点第二轮，因为感觉都不值得点第二遍，特别是那个土瓶蒸，齁咸！而且他家刺身酱油一点味道都没有，不知道是不是买的无盐的，吃三文鱼刺身口感味道都不太好，就那个甜虾还不错，200多的价格不太值得，还不如一些酒店的自助餐厅。,0
今天下班来到了久违的大渔，工作日中午还是很热闹，饮品和一些小菜摆在自助台上。大渔的出品还是那么稳定，甜虾和三文鱼质量很好，扇贝鲍鱼什么的也是鲜嫩可口，扇贝好大一个，鲍鱼Q弹，出品太稳定了，除了新品，能不能出一些新的菜品呀,0
周末无事，跟朋友约了大渔，因为离群星城近就来了这家。  [薄荷]环境： 店在商场里面，环境就还算宽敞明亮的，进门是收银台。再往里走有两个铁板区，我们不喜欢热闹，就选了卡座。  [服务铃]服务： 去的时候不忙，能看到一个区域都有两个服务员，很充足。上菜也算快  「甜虾」甜虾品质在线，吃了很多，软糯带甜的 「胡椒开背虾」虾什么的都还挺新鲜，铁板类的菜品，味道在线，整体都还不错。 抱着吃甜虾来的可以来试下，很新鲜。店面整体很干净，算是不错的一次体验,0
群星城的布局让我比较错乱，所以一般也不大爱逛这里的店。这家大渔铁板烧在四楼，由于其最近的电梯附近在装修，店面被遮挡，找了半天才进去。 大渔铁板烧，这次我选的是自助，但是没有挨着操作者身边坐，卡座相对更静。我们进去时还不到正午餐时间，已经坐了一半的客人。选好菜，备好、烤好送过来很快。 因为是自助不限量但我们也不想有光盘压力，所以两人有的就点一份尝尝，好吃再继续上——服务人员几波过来确认，是否不知道只下了一份食材。 至于菜品，我个人觉得烤肉一类的，经验不足，技艺稍欠火候，其他还中规中矩。,0
还行吧…只是…ennnm…上菜吧…不是按下单循序…是看重复单，几座一起做…赶着好做的现做… 全是铁板嘛…吃到后面难免会腻的… 饮料，水果，比较单一…没什么可以选的…甜品也不多… 整体一般吧…主要是小点单一…主菜要等很久… 吃完还没出商场就wc了…,0
[薄荷]环境： 环境安静且舒适位置挺好找的 [服务铃]服务： 服务态度非常不错 「甜虾」「法国鹅肝」「干煎鳕鱼」「哈根达斯」「三文鱼牛油果沙拉卷」「海螺肉」「鳗鱼手握」都挺好吃的甜虾软糯香甜鹅肝很香一口下去贼美味真心推荐大家过来尝一尝真的很不错,0
日式自助铁板烧大渔，貌似现在有很多家分店。尽量选择人少的时候去，这样可爱尽情释放你的味蕾三文鱼，北极贝，金枪鱼，甜虾都是无限量的！香煎比目鱼每次必点，一定要趁热吃。焗榴莲超级香，切记不要错过！铁板黑虎虾个头大，肉眼可见的新鲜。吃完在炫点甜品水果，又是美美的一餐,0
5点到的晚一秒都坐满了 上菜速度很慢厨师除了要做围着的还要做包房的  味道还可以不过铁板都是一个味道 重油重盐也不敢多吃 推荐甜🦐比目鱼香肩 鲍鱼扇贝 土碗蒸 牛舌 三文鱼颜色淡淡的像鱼肚脂肪多的那块 小哥手脚很麻利看着很解压 而且没有油烟  牛肉84特别新鲜不敢吃生的,0
群星城下边车库在装修，停车蛮烦。 铁板烧晚上9点半最后一波点餐。 这家没有砍单，也没什么好砍，总共也就那几样。去时候很饿，然后几个寿司🍣就半饱了。开始时候还纠结要不要点炒饭，然后看到隔壁位置的炒饭真是超级大一盘啊。 晚上8点半自助餐台上水果就不加了。 鹅肝还是好吃的。最喜欢的竟然是牛上脑。,0
周五下班了和小伙伴一起去打卡这家自助，菜品里海鲜的品种很丰富，推荐甜虾三文鱼和北极贝刺身，铁板生蚝扇贝青口味道也都很不错。最惊艳的是生牛肉刺身，口感非常嫩，我们两个搭配酱汁连炫了好几盘。价格上对比之前在汉口吃的某家性价比高的。,0
格雷斯酒店的自助不用多说了吧，虽然品种不是那么的多，到海鲜，烧烤，牛排，小龙虾，各种熟食，酒，甜品，果汁，饮料，水果都有。我对新鲜卫生，口感更看重。一口气吃呢三三三文鱼，真真的味道鲜美。牛排，海鲜都有可以现点现做，还可以选择口味。果汁都是鲜榨的，没有任何添加剂。甜品还标了高糖，中糖，便于减肥人士选择。水果没有榴莲车厘子，橱窗里有榴莲，但是仅限于展示，如果能加就更好啦。顾着吃，照片拍得不太好，欣赏一下就好。,0
有一段时间没吃自助了，和老公一起选了这家，第一次去，那天正好下雨，十一点去的有点早，还没开餐，等了好一会，环境不错，选了一个靠窗的位置、品种蛮丰富的、海鲜，烧烤，小龙虾一应俱全，吃得饱饱的，咖啡机好像是坏的，可惜了，离奥莱近吃完逛街方便,0
原谅我吃的太爽忘记把它拍下来了，他们家我们去过很多次了，我和家人都非常喜欢，尤其是我岳父，很喜欢他们家的味道，菜品很多，而且更新也比较迅速，外面也有小朋友玩的滑梯等等，很适合一家人带着小孩来吃，每次去得早点，否则要排队，真心推荐！,0
[薄荷]环境： 环境蛮好的，唯一很宽敞，看起来也比较干净整洁。  [服务铃]服务： 服务特别好，有求必应，可以满足一切合理要求，值得点赞。  海鲜一般，这个价位可能选择算比较少的了。熟食种类比较多，「法式鹅肝」这个好吃，入嘴很油润绵密，一口一个，蓝莓酱跟软底面包很搭配。小龙虾不是很饱满，罗氏虾太冰了，甜品好吃，但是后面巧克力瀑布那块，都没补充新的水果。黑茶很解腻。看到家乡的茶必须得来一杯。  总体来说，还行，中规中矩，甜品跟熟食味道会好些。太久没吃自助，感觉还挺能吃的。,0
环境：进入酒店后要走一段路，沿路的装修还是很有档次的，符合皇家格雷斯的名称，欧式复古风？餐厅里也是精心布置，赏心悦目的。 价格及菜品：热菜都有保温，常见的海鲜都有，只是对于不爱吃生冷海鲜的我来说，两三百一位的价格就性价比不高了，不过推荐辣炒花甲及其他海鲜还是不错的，吃不了白灼。西点做的很漂亮，推荐切块蛋糕，甜而不腻层次丰富，冰淇淋也好吃，热饮推荐玉米汁和紫薯山药汁，营养美味。烤鹅肝不限量，要趁热吃，羊排就有些膻了。没吃多少就饱了。那个每人一盅的佛跳墙说实话不应该作为招牌特供，因为太腻了。 菜的种类总体不多，但是中西兼顾，也够吃了，就是没啥印象特别深刻，惊艳赞不绝口的菜。,0
"我非常喜欢你们西餐厅的菜品品质，无论是牛排意大利面还是蔬菜沙拉，都有很多选择。 西餐厅的服务非常专业，他们对西餐文化和烹饪知识非常了解，能够给我提供专业的建议。 你们西餐厅的餐品口味精致，我可以尝到细腻的味道和层次。 西餐厅的环境非常优雅，气氛温馨，给人一种高贵和舒适的感觉。 餐厅的价格合理，考虑到菜品的用量和成本，性价比很高。 餐厅菜肴美味,服务热情周到，食材新鲜味道绝佳。",0
来过两次这家餐厅吃过两次自助午餐和晚餐都体会过咋说呢环境上没得说是真的不错的服务上感觉除了个别服务员不是很好以外多数服务员都是很好的但是餐品的质量以价目表上价格来说可以吃的品种真的是少之又少这个自助餐餐品的水准感觉也就是在北京120一位的水准可以选太少了活鲜更是只有五样只有蛤类和鲍鱼刺身第一次去只有五种还有北极贝第二次去说北极贝都断货了希望商家可以提升自助餐品的品质,0
环境和菜品都很棒，全家老小都很爱来西餐厅，鹿排、新加坡炒蟹、佛跳墙、鹅肝，娃都非常喜欢，水果也很新鲜、种类也多，工工作人员王保伟很细心，发现是娃的生日还特意补了小蛋糕！太感谢啦！,0
在这个世界里， 美食如诗，各色风味， 西式烤肉，香气四溢， 东方炒菜，鲜美无比。  新鲜的沙拉，色彩缤纷， 清爽的口感，让人心旷神怡， 热气腾腾的主菜，香气扑鼻， 嫩滑的肉类，入口即化。  甜点的诱惑，让人垂涎三尺， 巧克力蛋糕，甜而不腻， 冰淇淋，清凉解热， 每一口，都是一种享受。  在这个世界里， 自由选择，自由搭配， 满足了每个人的口味， 让人们在品尝美食的同时， 也能感受到自己的独立性和自由。  在这个世界里， 人们可以和朋友或家人一起， 分享彼此的感受和体验， 这种互动，让人们感受到人与人之间的联系和情感。  在这个世界里， 美食如诗，各色风味， 自由选择，自由搭配， 让人们在品尝美食的同时， 也能感受到世界各地的饮食文化。,0
真是爽啊自助餐主打的就是一个满足感 尹群花大姐服务的很好经常来倒水清盘 强烈推荐榴莲披萨、炭烤虾、生鲜甜虾、鲜活的生鲜区，鲍鱼花甲、烤蘑菇、蒸虾都很不错。 三文鱼油焖大虾一般般不喜欢自助餐店的火锅和佛跳墙 感觉味道都不咋好,0
周五的晚上，两大一小过来吃马纳西的自助 鹅肝还不错，可能是晚上吃饭的人不多，所以厨师👨🏻‍🍳给了超大一块；吃到第三块开始感到腻了 红烧牛肉刀削面也一如既往在线，现做；大块牛肉很过瘾 不足：已经吃了很多次了，菜品一直没有迭代；佛跳墙有点腻 期待多开发新品种,0
来过好几次感觉这次午市没什么吃的性价比很不高 基本都是一些冷食，我是奔着以前的榴莲披萨来的没了，我对象奔着牛肉来的也没，基本就一个鹅肝吐司和佛跳墙还行。其他的都一般，菜台那边居然一大堆素菜，最后我基本就在吃基围虾，小龙虾也一般般，总之这次是来这么多次觉得最没啥吃的 作为两百多一个人的自助性价比可以说是非常不高了除了团建组织自己大概率不会再去了，当然环境和服务还是依旧可以的,0
今天又相聚一起，不仅吃到美食，而且享受优质服务，特别表扬帅哥（刘畅）服务积极，热心。美女（杨经理）服务贴心周到。特别喜欢吃龙虾，我爸爸特别喜欢吃佛跳墙，侄儿子特别喜欢吃烤羊排，妹妹特别喜欢吃西点蛋糕！,0
第一次去虽然远了点，但是环境真心不错哦。 好吃的很多，品类也蛮多，海鲜，羊排，牛排上得都很快，果然是一分钱一分货。 食材蛮新鲜的，蛋挞，提拉米苏味道都蛮好，吃了很多海鲜虾。外面还有小朋友玩的地方，不错哦。 下次带爸妈来感受一下。,0
位置很好找，就在酒店侧边，有停车的地方，停车免费，里面的环境还不错，外面有一个花园，有滑滑梯很适合带小朋友去的，品类不是很多但是够吃，有很多海鲜现点现吃的，佛跳墙是限量的，味道不错，鹅肝也还行，烤羊排好吃！水果品质也不错，服务也不错,0
来自孩子的100分好评！玩过这么多酒店最开心的一次，一个完美的六一！ 酒店环境优美，服务效率高，给人很舒服的感觉，酒店项目很丰富，菜色就不用说了，已经不是第一次来了！中午的烧烤是孩子烤的，味道那叫就一个绝了，菜品质量也很高！ 晚上的湖边自助也是必须要好好夸奖的！吹着湖风搭配上现场演唱的歌声，瞬间忘记一切烦恼，孩子也玩的很尽兴！总之，是一次不错的体验！还会再来！,0
位置：较远在光谷东北角 环境：环境优雅宽敞不过桌子略小了点多放几个盘子就放不下了 服务：服务没得说有求必应 菜品：菜品种类还是比较多的小龙虾基围虾罗氏虾黑虎虾个头非常大接近一个手掌大小三文鱼刺身很不错个人比较喜欢另外有现炒现蒸的海鲜热菜也比较多中式西式日式的热菜都有还有烤串和冷串等 问题：位上的金枪鱼还行战斧牛排不太行柴到难以咀嚼还不如不限量的牛肋条羊腿等等按理说不应该这么柴建议位上菜认真打磨一下可以成本低一点但是品质、创意得到位毕竟要对得起价格,0
你好呀👋热干面🍜 接受阿姨🧍‍♀️美好祝福的一天 有钱把日子过好 没钱把心情过好 时间扑面而来 我们终将释怀  [薄荷]环境：餐厅面积挺大的，有部分区域可以看到室外园景，看起来还是很舒服惬意的用餐氛围。 [服务铃]服务：下面条的阿姨很nice，知道我在拍她，笑嘻嘻的，端上来的这碗热干面，充满了阿姨的美好祝福，真的太美味😋。 ✔️早餐还有海鲜粥可以喝，真不错,0
早餐品种丰富。来开会，很忙碌，无法出去品尝当地特色，酒店早餐提供了很好的选择。米酒醪糟、糯米包油条，特别是热干面，都很好吃 煮面的陈大姐服务态度很好，调的面条口感也很好，几个同事都很喜欢吃。服务态度和蔼可亲，煮面时候拉拉家常，让人有温馨的感觉，一看就是热爱生活的人手动点赞,0
五一的第一天来到了希尔顿酒店啦🏨  [薄荷]环境： 酒店满眼的绿色，空气新鲜，坐落在严西湖边心旷神怡 带小朋友一起来，遛娃圣地 五一还有打铁花非遗表演  [服务铃]服务： 晚上吃了自助餐厅，品类丰富，都是大餐 小朋友也有很多可以吃的 小姐姐们服务很好，会引导小朋友注意安全  抓鱼摸虾是小朋友的快乐天堂,0
菜品很多，7个餐台可以选择，无论是中式菜还是西式菜都可圈可点，三文鱼海鲜不限量随你夹，现扒的牛排，现炒的小海鲜还有歌手驻唱，服务人员态度很好，收餐也及时，厨师还会把炒好的菜给你拿过来，值得常来的宝藏打卡地,0
[薄荷]环境： 出差我常住这家武汉光谷希尔顿酒店，酒店在花山，挨着碧桂园，背靠严西湖，环境挺好，就是有点偏，出入都得打车。  早餐就在这家创味全日自助餐厅，餐厅面积很大，我觉得能有一千平。品类很丰富，面档有热干面、牛肉粉面等，我一般轮流吃。煎蛋、各种肠、面包、蔬菜都有。 这次去发现新增了单蒸的蒸蛋，和单碗的生滚粥，少了豆腐脑。 整体而言品种丰富，可以满足你的各种诉求。,0
558在**上买的两大一小套餐首先是锅底，三选一（辣汤底、番茄🍅汤底、寿喜锅汤底）还不如海底捞的锅底，只能选一个锅！一点都不划算 这个冻虾🦐一点都不新鲜本来还以为是北极甜虾，结果每一只里面都是黑线（如图）说明虾的生活费环境不好吃起来也很不新鲜而且闻起来有一阵放了几天的那种味道 生蚝🦪也很老一点也不新鲜也不嫩不q弹很难吃 鲍鱼也是在那吃的所有海鲜都不是很新鲜 这个价格500多一点也不划算，感觉根本没吃到什么东西，踩雷品种也不是很多品质太差了完全不值这个价格！还不如市内的其他品牌自助餐，比这个划算品种还多！,0
早餐非常丰盛，餐厅收拾的干净卫生。服务人员服务得非常专业，有专门的人员负责带领客人到合适的位置。客人之间的间距都保持得非常合适。早餐聊天，基本上对周围的环境都不会有干扰。  早餐的种类非常的丰富，水果都很齐全，甜点也非常的好吃。青菜新鲜丰富，强烈建议品尝这里的蔬菜沙拉。,0
很高兴五一假期期间来到武汉光谷希尔顿酒店，这边的菜品十分丰盛，小龙虾也很美味，服务员姚吉收盘很积极十分热情，期待下才次再来。,0
餐厅环境很好增加了樱花季的装扮很漂亮服务很好特别是Annie小姐姐很细心服务很好菜品也有增加甜品好漂亮味道也很好火锅味道很好全程都要音乐还有歌手驻唱不管是一个人还是团建或者和家人情侣都是不错的选择推荐大家都来试试一定会觉得物超所值,0
家门口五星级酒店的自助餐，喜欢它闹静自若的环境，布局合理，菜品丰富，服务贴心，尤其是女生无法拒绝的甜点，每一个都是那么精致美好，爱了爱了！[比心][比心][比心],0
光谷希尔顿酒店自助餐在花钱严西湖边上，环境非常好，是一次偶然的机会，带着小孩过去玩才知道有这么好的烧烤地方，户外的帐篷，而且是现烤的，现场吃的人很多，很适合家庭朋友聚会。重要的是需要提前预约，当时我们过去的时候还预约不到当天的，后面又提前预约了一次,0
莱品种类多，特别是武汉热干面非常好吃，服务态度很好，环境非常棒，还有驻唱歌手，值得推荐，非常适合亲子游玩,0
服务热情，环境很好，性价比高，价格实惠据说是武汉本地人民的度假圣地 酒店环境非常棒，园区设计感十足。 有很多亲子活动。 晚上的自助餐，非常好吃，强推甜品台，懂得都懂哈哈哈哈 烧烤，海鲜，小火锅一应俱全 服务很好，收餐及时。 感觉是本次春节出行的惊喜,0
豆角炒肉58元，小炒黄牛肉68，财火豆腐36。说真的，豆角炒肉58，你是打劫呢。,0
在和韵楼餐厅吃了三顿饭，顺序是：晚餐，早餐，中餐。第一顿的印象分直接跌破及格线，找不到啥亮点，兴许是黄陂天涯藐藐，地角悠悠，没请到好厨子；第二顿像打仗一样，即便幸运地找到座位也难以从容裕如，因为，还有很多人端着盘子望眼欲穿等位子呢；第三顿，终于像那么回事，菜品颜值在线，味道可圈可点，大概厨师不那么着急，慢条斯理打磨厨艺了吧，比方说，酱烧鳜鱼，青椒爆鳝丝，小炒河虾，烧土鸡，都挺好吃的。  全场笑点担当是梅菜扣肉，那一大块肉居然没切，囫囵个的上了桌，边上还配了个圆勺子，下面便是吃瓜群众坐看好戏，一个个想吃肉的拿起勺子奋勇出击，可勺子不是餐刀，转桌都要转跑了，肉还没整下来，我是看热闹不嫌事大，憋笑险些憋出内伤，沙雕新闻头版头条，这盘梅菜扣肉可以冲刺一下……  酒过三巡，清汤面收官，那个大海盆再次刷新我的惊讶值，哇哦，好多面吖，起码是平时的双倍分量，有面万事足，多加一颗星！,0
工作日晚上去的，去的时候人都做满了，等了10分钟才入座，菜单上的品类很多，各种肉都有，我们本着不放过不错过美食的原则，每一份肉都点了一份，上菜很迅速，给桌子一下子摆的慢慢当当的，还有帅气小哥哥小姐姐帮忙烤肉，肉一上桌就能看得出都是高品质的肉，没有因为是自而糊弄人，牛五花，和牛，牛肋条，横膈膜，牛舌牛上脑等等摆盘好看，还没烤就让我等不及落筷了，烤好那真的是和朋友没有说话的时间，烤肉蘸料一蘸，生菜一包，嘴里一放，太满足了呜呜呜。聊天的时间只配在等烤肉上桌和吃饱了消化准备下一轮的时候，唯感觉差点意思的可能是饮品的种类比较少，其他都非常好，强烈推荐喜欢吃美食的朋友和日料自助爱好者来吃!当然像我这种甜品脑袋，榴莲冰淇淋我一个人就吃了三份，很赞!下次还和朋友们一起来,0
武汉📍花见小鹿自助 我们吃的198/位，用餐限时两个小时 菜品品质是这个价格里正常的水准，上菜速度中规中矩肉类里面我觉得比较好吃的就是牛肠和牛肋条了对于酷爱牛五花的我来说小鹿的牛五花只能说一般然后就是198的限量菜品榴莲冰激凌和小龙虾小龙虾味道不错但是肉也比较紧实但是个头很小🍦中规中矩甜品种类太少再就是帮烤服务说良心话小哥烤的不错态度也还行就是话里话外都在暗示你吃完一波就先不要点了虽然作为打工人能理解吧但是还是有点小小不舒服然后就是碳火很大所以肉自己烤的话很容易糊所以会影响你自己的用餐体验而且座位来说那个炭火烧的我觉得很热烤肉小哥烤好的肉放的位置真的很尬就在他手的正下方他帮你烤你真的很难去夹总的来说体验感没有想象中和外界宣传的好算是我吃自助以来出来最早的吧只能打3个星,0
「厚切和牛舌」觉得厚切比薄切更好吃 「跳舞小鲍鱼」很肥美，很鲜 「三文鱼」好鲜美，好肥嫩丝滑的口感 「和牛横膈膜」感觉比纯腿肉更好吃！ 「甜虾」好吃，嫩，像果冻口感，还有籽 「土豆沙拉」跟所有日料店一样，不差 「澳洲小青龙」肉特别大，感觉性价比可以（小青龙限量一人一只） 「烤大虾」烤熟了香香脆脆，很有海鲜的鲜咸味道 「澳洲雪花和牛」烤得火候掌握得好就特别好吃 「小鹿生蚝王」很大，很嫩，挤柠檬汁好吃，不爱吃蒜蓉的 「生腌黑虎虾」其实肉很鲜嫩，口感也不错，但是我不太喜欢蒜蓉剁椒一样酱汁，报吃 「蘸料」些许有点单一了 食材都挺新鲜，298/位，也觉得性价比可以，大樱桃记得一次性多点点儿 [薄荷]环境：挺好的，装修很扎实 [服务铃]服务：态度都特别好，就是烤肉的技术靠运气了，有的肉烤得更好，有的更会弄海鲜 整体体验感蛮不错，排位人多，记得早点去,0
烤肉肉类质量都在线，全程帮烤，吃得很舒服 300的价位能吃到新鲜小青龙，不限量刺身还有生腌黑虎虾，川味三文鱼，等特色菜 饮料甜品都比较普通，当季水果是荔枝葡萄 最满意的是没有出现砍单情况，冲格局点赞 美中不足的是榴莲不是整个而是碎肉，以及最后烤的几份肉都焦了，尽管小哥的解释是羊肉得烤全熟，但这根本吃不下嘴，可能是全场最大雷电,0
花见小鹿烧肉放题自助，在地铁6号线的苗栗路D口出来，走一段路，对面是六中致诚中学。怎么说呢，这条路要停车那真是不容易啊，堵的完全走不动的。 做活动的时候人非常多，最好早点去排第一波的队，不然排队就是2小时起步，4小时也正常。非常的恐怖。 进去要先核销套餐，套餐不同，菜品略有差异，有人帮忙烤还是挺爽的，不狂费排老半天队，就是不停的往你碗里塞肉的感觉，一会就吃饱了。想吃到2小时全凭实力。,0
在六中对面，来的话需要早一点来，人会比较多翻台的时间比较长，需要现在前台交了押金才能进来； 肉的种类和质量还可以，牛肉种类比较丰富，横膈膜牛肠等都有，质量肯定比不上单点但也不错，小龙虾和榴莲冰淇淋是限量的，服务员可以帮忙烤肉不过稍微有点焦； 水果不错，质量挺推荐的，西瓜都是用的美都麒麟瓜，还有桑葚，饮料和甜品的种类比较少只能说刚好够用吧,0
武汉朋友推荐，我种草很久啦，作为肉食爱好者今天特意过来拔草 1.位置：位于台北一路三十中对面，位置很好找。缺点就是马路边停车不方便，建议打车或者附近找好🅿️步行过去。 2环境：整体日式装修氛围感强，座位宽敞 3.服务好:专门有小哥哥烤肉，这点太适合喜欢吃肉但是又懒得动手的宝宝们，换烤网及时 3.品种多:烤肉种类很多，有炸物各种水果甜品主食类 4.推荐菜： 肉拼盘:里面的西冷牛排品质不错加点黑胡椒酱和外面牛排没差别 榴莲冰淇淋:冰火两重天，味道不错 饮品：甜甜的米酒，不愧是最受女生喜欢的，不喝酒的我都喝了两瓶，超满足。 总结:想吃烤肉话可冲关键肉的品质都很不错服务员把握火候很到位，值得二刷,0
[薄荷]环境: 店在苗栗路上，从地铁口出来步行不久就是了，店面外面环境还可以，很干净，进去以后地方很宽敞，卫生也不错，给人的感觉很好。 [服务铃]服务: 服务很贴心，在外面等位的时候会有小姐姐贴心的送水果和纸巾，烤肉的时候是服务员全程帮烤，只管吃就好了，而且这种点餐式的自助很节省时间，点了马上就有人送过来，送来就有人烤，我觉得很好。 「特级牛五花」牛五花吃起来比较油，感觉一份意思一下就好了，吃多了的话会比较腻。 「厚切和牛舌」牛舌口感很劲道而且很嫩，可以多来几份。 「和牛坛坛香」这个是最好吃的，肉片比较薄，也同时也有劲道的感觉，嚼起来不会太费劲。 总结一下，「和牛坛坛香」「和牛横膈膜」「极上和牛上脑」这三个从口感上来讲是最推荐吃的，而且那个榴莲冰淇淋真的不能错过，香甜软糯，冰柜里面的甜品比较一般，多点菜单上的就好了。,0
位置离地铁站有点点远，好处是吃撑了慢悠悠散步去地铁站，来之前还担心有差评说服务不好，肉不好，但是吃了全程有服务员帮忙烤，还会根据你吃的速度来搭配的烤！我想吃小青龙就买的298的豪华的档，这个价格怎么说呢，生蚝和鲍鱼非常鲜嫩，生腌太辣了，每个烤肉烤海鲜都有专门搭配的酱汁，如果不吃海鲜198档完全够，牛肉没什么特别惊艳的地方，有好几种甚至嚼不烂，最后点了个烤面包冰淇淋，面包苦的，完全不是我想象中的味道，唉，而且等了很久，就这点有点体验不好，但是其他的体验都非常棒，小青龙不算很大，大概一个巴掌那么大吧，比我想象中小，个黑虎差不多，两个人一个烤肉拼盘足矣，厚切牛舌会比薄切好吃，不过298有活动的话应该还会再来,0
非常无语的一次体验，就餐区有蟑螂🪳  [薄荷]环境： 刚开始吃就发现墙壁上有一只蟑螂幼虫，从特征上来看应该是德国小蠊的幼虫，让服务员弄走后过了一段时间小哥哥端来一盘车厘子并解释他们有定期消杀，并且可能是昨天才进行过的消杀不够彻底，但是就餐的位置有蟑螂了我都不敢想卫生情况  [服务铃]服务： 服务非常周到，帮烤的同时还会是不是加入一些食材介绍，有问题也响应的很积极 部分食物限量，两人份的卤虾我以为是两盘后来小哥哥说全放一盘里了 抛开蟑螂不说，牛五花还是不错的，冰淇淋也很好吃 请餐厅还是注意饮食卫生和安全吧，,0
肉挺好吃的，就是炭火太热了，两人小桌这个天坐着感觉像烤火盆似的，我就穿了一件都热出了不少汗，然后烤起肉来烟子也有些呛人，这要到夏天还得了 芝士麻辣小龙虾好吃，最喜欢吃榴莲冰淇淋yyds。 【和牛烧肉拼盘】感觉肉质还可以，腌制没赤牧那么重，应该还是偏向吃原味或者自行调味😋里面还有两块鳗鱼，吃起来油脂很丰富，个人不太吃得惯🤥 【盐烤草虾】的话虾子中等大小，店员会帮忙提前剪好，所以烤起来很方便；吃起来口感脆弹，味道就是盐味🤐 【炭烤蛤蜊】不怎么好吃，烤出来的蛤蜊肉也很难完整夹出来，很鸡肋的一道菜🌚其他198限定的肉品基本一样来了一份，都还不错，就是【牛舌】不太喜欢腥气偏重 🍨冰淇淋是八喜的，香草味，很好吃，奶香足，口感细腻，总计点了五六份🤤,0
之前经常吃9轮，和chi木因为价格相对便宜些，前段时间朋友圈有朋友疯狂安利花见就来试试，真的一口就惊艳到了，所以吃这回事真的是一分钱一分货，而且工作人员都是年轻人，会帮忙烤肉，动作麻利不说，还一个比一个帅而且服务真的非常人性化，小朋友一米以上是收费，因为我们过敏体质，很多东西不能吃，小朋友是在家吃了过来的，没给工作人员看检测报告的时候就答应了不收费，但是我入座之前还是给工作人员看了，因为我想着我要写评论的，免得以后也有人随口说自家娃过敏，工作人员为难。更难得的是，入座后还有工作人员过来询问小朋友的过敏情况，哪些东西不能吃，说是他们会注意，我们告知他们不用管，不用给他上食物，因为他吃了来的。以后肯定会光顾，尽量时间控制在小朋友上学的中午去吧图一角落就是小朋友从开始就在看的平板，期间就喂他吃了几口肉而已,0
终于吃到了排队长龙的花见小鹿啦 今天特意十一点刚开门的时候就到了还好人不算多 服务员小哥哥都是热情满满会贴心的帮忙烤肉 水果和饮料是自取其余都是点单 除了小龙虾，榴莲冰淇淋和牛肉拼盘是限量的其他菜品随便点敞开吃 肉质很新鲜品质很好搭配上烧肉汁一口下去香气四溢 烤菠萝味道很惊艳推荐,0
这次抢到了难得的148的活动，一定要再来体验。门店内经过装修可以容纳更多的人就餐，也不显得拥挤，而且通风良好，只是炉子比较烤人。他们家最大的特点还是服务生的烧烤服务，包括在人多的时候会提示尽量一次点多一些，会加快上菜的速度，其实我觉得只要是加菜，上来的速度还是可以的，只是冰激凌面包比较特别，必须是在最后还能吃的时候才给上，所以连续两次都没吃到。服务生代烤也是按照食材的特点进行，让我们能充分体验美食。,0
【牛肉品质】 高于赤牧和九轮，不管从纹理还是入口，一口就能吃出来区别，同样也高于几乎所有武汉的烤肉自助，武汉好像也没有哪家开到200+的烤肉自助了 【调味】 调味我个人很喜欢，比赤牧更好，觉得赤牧太甜了 【服务】 全程帮烤，小哥没停过手，烤的也很好，确实比我自己强太多了，解放双手的饭吃的麻麻香 种草】 【肥肠】 肥肠没有异味，卤的也很好，稍微烤一烤，带点焦脆的口感和半口油也太棒了，肥肠绝对是惊喜【牛肋条】 奶香充足，汁水丰盈，还不难嚼（主要烤的好），甚至还带着一点点菠萝的酸，很开胃，吃过的牛肋条里第一名 【横膈膜】 肉质不柴，有牛肉味，中间的筋膜比例不错，有一定韧性 【和牛坛坛香】 酱汁是我喜欢的味道，不算太甜，和牛不会过嫩【牛五花】 总体和其他家大差不差，但是细微之处能吃出不止带有油香，还有一种淡淡的奶香，所以我觉得这是代干甘他家的盾因,0
[薄荷]环境： 在工艺大楼的路口，蓝色棚子进去，家常菜馆的装修，挺大的，居然还坐满了人 「雪菜烧黄鱼」味道很好，黄鱼很大，全场最佳 「卤虾」挺意外的，还挺好吃，味道不是很重，但口感五香味，虾子也比较大 「避风塘蒜香排骨」份量很多，和闺蜜都没吃完 [服务铃]服务： 老板娘人很好，很热情也很会做生意，长得也漂亮，服务的阿姨们也挺好，家常菜馆阿姨们态度挺好的很少见，点赞,0
落地武汉的第一顿，久闻大名，点了几个菜，一个踩雷的都没有。不过湖北菜感觉有点咸，对我来说稍微重口了一点。很好吃，就是咸了那么一丢丢。「红烧武鲳鱼」终于吃到了武昌鱼，很好吃，我本人不太爱吃鱼，但这道菜好好吃，很鲜香。「筒子骨藕汤」藕汤yyds，藕真的好糯好好吃，喝了好多，泡饭特别好吃。,0
跟随乌啦啦打卡各种美食店，这家连本地人都说我厉害，能找到～哈哈哈。上菜速度很快，整体味道没有我想像中好吃，可能是期望值太高了～然后腰花有一点点血丝，很害怕没熟，但是味道还是可以的，要是再辣一点会更好吃。排骨有点失望呢，炸的太老了～最好吃就是鱼啦。,0
江汉路旁边一点点大隐隐于市的馆子，往里走的时候，感觉这一条街都藏龙卧虎 四个硬菜，三个姑娘伢。 其实对蒜香排骨是最不抱期待的菜，因为曾经吃过巨难吃的，有阴影。这次尝了口蒜末觉得香香，来了一口。「避风塘蒜香排骨」一口咬下去表面脆脆但是不腻，糊挂的薄，里面的汁水保留的很好,0
在以前民众乐园的后门，一个巷子里的家常菜馆 [薄荷]环境： 装修很简单，主打的是个明亮宽敞 [服务铃]服务： 服务可以，几个小姐姐都蛮热情的「腊鸭焖藕」推荐必点，藕是我喜欢的粉藕，腊味搭配着藕香的汤味道简直好喝到爆，「鱼籽烧豆腐」口感非常好，好吃,0
[服务铃]服务：很热情，刚坐下点菜，人就多起来了，有点嘈杂，讲话听不清 「鱼籽烧豆腐」豆腐还行，我不爱吃鱼籽，男朋友觉得这个菜一般般吧，一锅没怎么吃「姜辣凤爪」鸡爪挺软糯的，也很入味就是空调风太大了，人吹的鸡皮疙瘩都起来了，鸡爪吃着吃着就冷了，建议商家可以搞个小炉子边烧边吃吧「红烧田鸡」田鸡好吃，有一点酸甜的味道，爱吃酸甜口味的选这个不会出错！！！,0
「避风塘蒜香排骨」蒜香排骨整体还挺好吃的排骨炸的微焦了有点难咬避风塘做法加上蒜香是好吃的排骨里面是嫩的 「鱼籽烧豆腐」个人更喜欢吃煎成饼的鱼籽这个鱼籽是散的豆腐很入味软嫩偏辣很下饭 「干煸藕丝」巨巨巨巨爱甜辣脆芝麻很香谁能拒绝 「椒盐玉米」没想到这个玉米也很好吃推荐小朋友喜欢吃玉米的话可以点大朋友也很合适家人都喜欢吃 「酱油花饭」还可以不是很油又很有味道  [薄荷]环境： 巷子边的家常菜馆装修也很家常比较老式里面用餐环境很嘈杂人很多桌之间间隔也小  [服务铃]服务： 忙的不可开交但收银的阿姨还是很尽职一个人点餐结账都忙不过来点餐还会告诉分量提醒够吃了减掉几个菜点评上的团购五一期间也都能正常使用等位人很多我们中桌取号时前面有5桌等了一个小时才到中途还有走掉的号翻台比较慢叫号的系统也不太灵光好几次连续叫的都是同一个号人家都走了还不轮下一个然后就不叫了又继续等很长时间才下一轮叫号不知道是不是因为我们坐在收银台旁边的桌快吃完的时候收银阿姨空下来了些送了一罐可乐给小朋友中途还喊上菜的阿姨给我们鱼籽豆腐架起来烧着后来也没有烧实在太忙了,0
今天和朋友们一起过来尝尝这家的餐馆，从大众点评上面看到的巷子位置比较偏，但是里面的菜品比较丰富，味道鲜美，多汁，很好吃，他们家的肥肠也挺好吃的，他们家的拿手的那个蒜香排骨真的很惊艳，我们四个人都抢着吃的，把它吃完了反正酒足饭饱之后更加抚慰和任性奠定环境很好，很雅致，欢迎大家过来打卡,0
「鱼籽烧豆腐」量很大盘子很深满满的都是鱼籽跟豆腐我还吃到了一块嫩滑鱼肉整体不辣好吃「避风塘蒜香排骨」这个蒜香排骨真的好吃吃一口让人停不下来占的料粉很香 来武汉的第一顿饭两个人只点了两份上菜之后发现量真的很大 [薄荷]环境： 店面很大我们来之后等了大约四十分钟吧因为要现场煮午饭点需要排队 [服务铃]服务： 服务很好很耐心,0
很意外的知道这家餐馆在江滩附近挖野菜正好到了饭点就去了这家地方还是很好找的就在芳芳酒楼旁边有个套餐很划算三个菜都没踩雷很好吃土豆牛腩很下饭拌饭特得劲小黄鱼也很大一条饿的时候去真的可以干几碗饭对了他们家老板的态度也很好，很热情。关键是中午不打烊的很适合特种兵已经推荐给了几个朋友都说不错便宜实惠好吃,0
[薄荷]环境: 位置位于江汉路步行街附近，在一个拐角胡同里，按导航来还算是比较好找的 [服务铃]服务: 服务不错，老板娘很热情好客，服务人员有随叫随到。 「鱼籽烧豆腐」鱼籽烧豆腐，豆腐和鱼籽都很入味，豆腐偏多，菜码挺大的 「避风塘蒜香排骨」蒜香排骨是避风塘做法，排骨外酥里嫩 「干锅花菜」花菜口味偏淡 在步行街散步后想尝尝湖北菜的可以尝试,0
[薄荷]环境：宽敞整洁  [服务铃]服务：老板娘待客非常友好，下午5点开餐，由于我来的比较早，还让我来屋子里面等着，可以先点菜服务员姐姐也都很和蔼，上菜速度很快  「鱼籽烧豆腐」奔着这道菜而来，来武汉3天，反复对比了多家，最终选择了这里，在预期之内，鱼籽不腥，我很喜欢鱼籽的口感，放的是嫩豆腐，我是吃不来老豆腐的！无敌下饭菜  「干煸刁子鱼」这道菜也是我很想吃的，真的巨推荐，又香又酥，一点也不腻，个人很喜欢，超级好评  「雪菜烧黄鱼」第一次吃辣版本的雪菜烧鱼，酱香味浓郁，没有很辣，我口比较淡，吃这个必须搭配米饭，很下饭  祝老板生意兴隆，下次还来 💗,0
菜整体都有点偏咸但是价格不贵性价比可以分量很大 味道好吃的就是这个干锅鱼籽烧豆腐鱼籽用的新鲜的完全没有腥味软乎乎的跟豆腐一起酱香十足拌饭一绝 蒜香排骨无功无过雪菜黄鱼咸度还勉强可以接受 其他菜对我来说是真的有点太咸了鱼头、鸡杂因为太咸了只吃出了咸味,0
四点多准备出发过来，一路从江滩晃过来已经六点多了，结果生生排队等了一小时，生意确实不错  [薄荷]环境： 人很对都坐满了，位置还算宽敞  [服务铃]服务： 服务员都很忙但是很热情了  「鱼籽烧豆腐」很大一份鱼籽豆腐，感觉单点也能吃饱了，没有腥味，豆腐也嫩，味道很好 「爆炒腰花」分量很足，腰花切的很大，是大口吃肉的感觉，也没有异味，好吃😋 「苕粉泡菜肉丝」喜欢吃苕粉的一定不能错过，很好吃，很劲道，味道也好 「手撕包菜」普通的包菜～ 总体很推荐,0
江汉路好吃的太多了从大众点评上看到这家店，开了五年以上还有当地人推荐tag，就来尝试一下，果然不负所望！真的是开在小胡同里。位置也不难找哦！ 我没有点招牌因为有一些菜已经在其他店吃过了，就点了武昌鱼和藕汤，「筒子骨藕汤」藕汤太好喝了，粉藕软软糯糯的超好吃。「红烧武鲳鱼」武昌鱼比我想象的好吃好多好多，鱼特别嫩，味道也很入味，是酱口的，但是要小心，刺很小的哦 最好是十一点前来，不然就要等一波了。另外，上菜速度有一点慢，不过也可以认为不是预制菜了！也好！,0
3点来的店里一个客人都没有。他们正在愉快的吃工作餐。我进来大喊一声热死了。大姐给我搬来风扇吹。真好。  鱼籽烧豆腐。好吃。不枉我肯子肯子从很远的地方骑车过来吃。  连续吃了三家店的藕丝了。都没觉得特别好吃。可能是和我想象中的脆脆的藕丝不太一样。这个藕丝是有嚼劲的反正我不喜欢。  武汉的交通环境对于骑行的真的是有够差的。,0
这家饭店环境很好，非常干净整洁，食物外形美观，重要的是味道非常棒，色味俱佳，清新爽口，性价比高，菜品很好，而且菜品选择非常多，吃的特别开心，服务也很周到，饭店氛围也很好，有很多的回头客，口碑很好，生意红火，下次还会再来。,0
[薄荷]环境：很不错在炎热的夏天，走进店内也不会感觉到闷热  [服务铃]服务： 服务很周到到位，看见我们在填无线网主动告诉我们密码 「雪菜烧黄鱼」是先煎过的肉质吃起来外焦作很不错 套餐分量很足推荐,0
刷评论推荐的饭店在江汉路上点了四个招牌菜干煸藕丝还是第一次吃挺脆的但是吃到下面就会有点油了避风塘蒜香排骨肉挺多的烧的挺好吃的菜梗子榨菜肉丝就是空心菜梗炒的鱼籽烧豆腐里面有鱼籽和鱼泡还有洋葱豆腐一点也不腥也挺好吃的他们家统一是中辣的点的咪咪辣还好不是很辣不踩雷,0
从疫情的时候陪妈妈在协和住院的时候就很爱吃他家的菜隔个几天就要点他家的招牌鱼籽豆腐真的很好吃！！！姐姐在江汉路开服装店我们也经常点外卖到店里来吃今天刚好在附近就带着老公来吃可惜他不吃鱼籽就点了几个家常菜味道也很不错,0
团了点评的4～5人套餐里选了「土豆牛腩煲」分量很足，牛腩炖的软糯，吃着也很入味。「野菜春卷」也好吃，脆脆的。「红烧武鲳鱼」烧的鱼特别嫩，酱汁也浓，不怎么吃鱼的我都动了好几下筷子🥢「筒子骨藕汤」发现是必点品，藕软软糯糯，美中不足个人感觉汤太咸了「酱爆猪干」好吃，吃起来一点不老,0
【元气探店】148——江汉路的地气口味扛把子 终于又又又又剧本杀了！！哈哈哈哈哈哈哈哈～推土机卷土重来！！！这次新增几个成员，队伍变为9人。头脑风暴完，炫个地气儿美食  [薄荷]环境：在一家小巷子里，环境就很一般的家常菜馆。但一进去人可真真做满了，心里大呼来对了！ [服务铃]服务：服务员手脚麻利，服务态度也让人如沐春风“来这是您们的XXX，用餐愉快”，倍感亲切啊。关键在这么忙碌和小馆子，这服务素质一下子起立了 🐟菜品：💯为三颗星 全部菜品都🌟🌟🌟！！！他们家真的盲点不踩雷！「雪菜烧黄鱼」「鱼籽烧豆腐」「避风塘蒜香排骨」「干煸藕丝」「烧鸡公」随便点就vans了！烧鸡公真的是一只鸡！两个偌大的鸡腿，关键是能做到nunnun入味有两下子！！！  地气儿扛把子，不愧是江汉路的口味榜第一！实至名归！会再来哦～,0
酒店在江汉路附近，在武汉吃的最后一顿饭选择了家常菜馆。店铺看起来有点年代了，但环境挺干净的。点了一个套餐，加了一道糖醋里脊。 「糖醋里脊」跟上海的做法有点不同，颜色淡很多，甜甜的，但不会特别齁，吃起来不腻 「土豆烧牛腩」牛腩的肉质新鲜，烧的也很入味 「雪菜烧黄鱼」黄鱼一点都不腥，配上雪菜口味很不错 「花菜烧五花肉」好吃，花菜很软很入味,0
门店看起来虽然不大，但菜的味道还是不错的。 蒜香排骨贼香，肉的量也很多。 黄鱼非常鲜嫩，烧的火候也刚好。 三个菜的量都比较OK，两个人吃的话，绰绰有余。 服务方面也算好，会及时换水。 如果上菜速度再快点就好了。,0
服务热情，小馆子味道有惊喜！！为了「鱼籽烧豆腐」而来，「雪菜烧黄鱼」意料之外的好吃！！推荐！,0
老板娘很不诚实，为了做生意咋样都可以 我们大众上约号的，开始说下桌就是你们 结果空了一个位置出来直接给了别人。 请问我们的时间就不是时间了？商家最起码的诚信和尊重都没有，差评！！！,0
菜品很实惠，可以去吃饭，服务不错,0
就在江汉路步行街附近，位置很方便。 第一次吃武昌鱼，味道很好，干煸藕丝也炸得很香，整体菜品都很满意。,0
太好吃了，两个非常能吃的人正好全消灭哈哈哈哈下次还来干净又卫生，经济又实惠，强烈安利嘻嘻嘻嘻,0
在小巷子里，这家人还蛮多，来的时候等位三四桌。刚好今天天气凉快，在门口住一下吹会风还挺舒服。 点的套餐，最好吃的是雪菜烧黄鱼「雪菜烧黄鱼」，刺很少。每个菜都是很入味，下饭的那种。花菜有点咸了。土豆牛腩软软糯糯。下次想来试试「避风塘蒜香排骨」「鱼籽烧豆腐」,0
又是拔草的一天本来想说进去问一下要不要等位，店员直接请我上二楼入座 「毛豆」好吃但是！很辣 「干煸藕夹」竟然是甜口的，趁热吃，因为冷了之后会腻 「凤爪」好吃又是！很辣，辣的我喝汽水喝绿豆汤 「油焖大虾」这个反而没那么辣，但是虾有点小，肉质有点木 「凉面」有点解辣神器的意思，没有那么好吃但是被我们干光了[点赞] 「绿豆水」最后我只想说，武汉的绿豆汤都很好喝，每顿都想来一杯，瞧我这没出息的样子  忘了说，烧烤的鱼片，一定要点，来不及冷了才想起来吃，竟然有点意思,0
[薄荷]环境:差 座椅上面挺多油的，店里整体就是普普通通的，不咋干净，而且还有小虫子和苍蝇飞，但是大排档就不要太讲究了  [服务铃]服务: 上菜速度嘎嘎快，全是手机点单，也没什么优惠力度，对于外面那些有团购的餐馆，这里价格不算很便宜  「凤爪」招牌菜，确实不错，软糯脱骨，个人是很能吃辣的，所以不会觉得很辣，还可以上点强度，但是分量也一般般吧，一盘15个左右  「牛蛙爱上虾」味道也还不错，没有网上传的那么惊艳，虾是开背的，个头也很大，还有配菜藕，喜欢吃蛙和虾的有福了  「菠萝飞饼」还不错，是正常的味道，吃过的懂得都懂  「凉面」不咋好吃，还有小虫子飞进去了，也没什么配菜  「土豆」无功无过的味道吧，价格还算美丽  总得来说，两个人花了200不算便宜，吃饱了，味道很一般，环境差，建议人多来，可以多点一些菜。跟风打卡来的可以不来，因为没什么特别之处,0
在武汉的第一餐必然是小龙虾啦～刚好也是宵夜。 酒店附近的这家小民大排档，很有生活气息，点了一堆串串，小龙虾，干煸泥鳅，酸辣藕带，香辣牛蛙，虽然对于广东人的我来说，口味偏咸了一丢丢，但是不影响味道确实不错，小龙虾感觉口味跟以前吃的不太一样呢，好吃。 第一次吃干煸泥鳅，一开始没敢吃，但是后面觉得真的很香，也不会有奇怪的味道。 就着这边的“爷爷不泡茶”，吃着烧烤，贼爽。,0
略有点失望。 网上做过攻略来的，说他们家味道不错，我们三个人点了6个菜2个主食4种烧烤，可以说非常多了。当天去的比较早也没有排队，四点多快五点这样。 首先说我推荐的 「铁板虾滑」铁板虾滑是我们三人都爱吃的，一致推荐是最好吃的一道菜，不管是口味口感还是菜谱的新颖上； 「干子」干子我朋友点的，意外的好吃，以至于后面吃饭有干子我都要点一份； 「干烧大黄鱼」还意外的挺好吃，得到了我们三的一致认可，干烧起来肉质有点硬硬的不错。 黑榜: 「凤爪」上桌了发现我另外两个都不爱吃鸡爪，只有我一个人吃，我吃了两块就吃不下去了，不和我的口味，个人感觉不如广式的虎皮凤爪好吃，虽然也糯糯的，但味道觉得一般。有点失望 「蟹脚面」蟹脚面也是好多人推荐的，螃蟹肉挺小的这个其实还好，毕竟是吃个味道，主要是味道也没有特别的好，就一般吧，黄面的口感也有点拉胯，本来我还是挺期待这道菜的。 「干煸藕夹」第一次吃这道菜，在推荐里面排在鸡爪后面的第二名，我肯定也是要尝尝的，结果就觉得没有藕的脆劲，吃了几口也都剩下来了，可能是因为我认为的黑榜这几道菜都是当地口味吧，外地人接受程度还是差点。 「烤牛油」上面三个我可以说是口味吃不惯，这个烤牛油就完全觉得是非常拉胯了！味道很腥，吃了两口完全吃不下去，这个品控肯定是有点问题的！ 「炒饭」最后朋友又加了个炒饭，炒的也不行，本来我觉得可能是粳米的口感就这样，第二天吃的另一家炒的粳米味道就很好。,0
[薄荷]环境: 环境看起来人气旺啊，一楼没座位，去二楼了，要不是下雨，估计要排队等很久  [服务铃]服务: 服务员上菜还蛮快，一次性烤完，其它大菜慢慢加，凉面最快 菜品: 「凤爪」「烧烤」「脆骨」「烤牛油」「蒜泥茄子」「凉面」「肉筋」「鸭锁骨」 最好吃的应该是招牌凤爪，经过餐厅，看了一楼二楼大部分餐桌，基本都是点了凤爪，入口即化，味道还不错，不过吃不得辣的同学可以让店家少放一点辣辣椒，还是有一点辣的哦，可以买点奶茶或酸奶解辣！ 其次是肉筋和蒜蓉茄子🍆，味道很不错啊,0
打卡了大家都推荐的小民大排档 一进去氛围感特别浓烈但是很多人喝多了非常非常非常吵 是那种会站起来大吼吓一跳那种🤣不过这就是江湖文化吧 它家整体是作为一个北方人我都觉得重口的存在 点了「凤爪」有点咸不过一秒脱骨很烂 「铁板虾滑」虾滑炒及好吃！！！！金蒜很点睛 「烤生蚝」给我们烤过了那个蚝都干吧了烤的完全不行 「干煸藕夹」巨硬…🥲感觉炸过头了但是某几根还算酥脆反正吃了几口就没吃了 「菠萝飞饼」这个好吃的 「羊肉串（5）」我觉得挺好吃的  总体个人感觉可以试一次但希望作为给游客必打卡的店能注意一下品控🥲🥲🥲,0
聚餐大家都是开心的，只追求吃喝聊天的过程  [薄荷]环境: 大排档就是这样不追求环境  「凤爪」也就一个还是一如既往的可以 「蟹脚面」不好吃，太太油 「毛豆」居然是很热的，还太烂了熟过了 「扎啤」不好喝，有点苦味，没喝1/3，点了瓶装,0
武昌的朋友过来逛街后约着一起来吃饭了，想了半天实在不晓得吃什么，我就随口一说来小民，想着也很久没来了，口味也符合多种选择，炒菜也有，烧烤的也有，就是附近修路，进来的路有点不好走，感觉也没影响他家的生意，我们到时店里一楼基本都坐满了啊，点了一点烧烤跟炒菜，有点奇怪是的烧烤为么事没得烤鸡爪子呢？然后锅仔里吃的都是牛蛙的头，没得牛蛙腿啊？这个烧的鸡爪还蛮软烂，最喜欢的一个菜,0
吃过留痕  这种大排档虽然装修服务都要差一点，但是真的能够吃到本地的好味道。不愧是大家都交口称赞的夜宵店，到现在都能回想起那个鸡爪用药膳炖出来的味道有多美妙。也不知道是什么独家秘方，反正听本地人说感觉鸡爪近几年涨价幅度达到了30％，食客也络绎不绝。  第一次吃这种虾滑的做法，但是没有想到虾滑居然也可以这么做，还蛮有滋味的。但是吃多了感觉有些腻，它的虾肉含量并不是很高。  其他的小串我个人觉得味道一般，烤牛油这种我好像只在长沙吃到过特别惊艳的。  来武汉旅行真的从来就没有用过正式的碗筷。这种一次性纸盒可能是真的方便吧，但是不知道还不环保，因为它里面毕竟还有一层防油膜。  总之我觉得这家店确实配得上武汉必吃。,0
奔着这个网红大排档来的！下午5:30就已经排起了长队，确实是年轻人的网红打卡地，还好没有等太久，里面翻台比较快，一个小时就等上了。把店里特色的几样儿都点了品尝一下，总体感觉味道没有推荐的那么好，有一些失望，可能人太多，做的不精细了，尤其干煸藕夹，一点都不好吃，感觉不是现炸的，不脆，算是把招牌砸了！凤爪感觉不新鲜还是处理不到位，有腥味儿，总体来说就是体验没有那么好，网红这样下去怎么可以长红呢！？,0
晚上需要叫号等位的，但是店面比较大，有好几层楼，所以叫号速度还是比较快的，当地网红店，很有特色，装修风格充满了市井气息，他家排名第一的就是凤爪了，但真的很辣很辣，而且是后劲很足的那种热，真的是那种辣到心坎里的，但排名第一，必须挑战一下，喜欢吃辣的朋友一定不要错过了，因为真的卤得很到位，他家的烧烤都很新鲜，普遍也是比较辣的那种，蟹脚面也很辣，很鲜，食材挺新鲜的，生蚝个头偏小，肉比较小，干煸藕夹是唯一不辣的菜了，有点点甜味，味道还不错。,0
江汉路美食街这，这家不是什么地道的本地大排档，很多游客。 但我就是想吃鱼籽豆腐，这家评价最好，就特地前来。  [薄荷]环境： 干净的大排档  「鱼籽豆腐」味道还可以，量挺足的，就是太辣…  「花甲」还可以，辣椒有点辣。  「烤牛油」好吃，但火候差了点。  「土豆」好吃  [服务铃]服务： 第一天服务态度 第二天还可以，鱼籽豆腐太辣一次吃不完，第二天带过来让其加热并点了其他吃的，起先找了个中年服务员阿姨，她表达有问题，让其帮加热，她再三推辞要去厨房拿锅，现在没锅给我，让我点个带锅的菜，再把菜倒进去加热，然后她就走了，两次了，一点不处理，我当然知道我肯定要点其他菜的，只是一直把我晾在那也不好吧？ 然后跟一个男大叔服务员说，他立马让厨房帮我加热端上来了。,0
小民大排档🥘  [薄荷]环境： 环境很一般，可以说有点简陋。  [服务铃]服务： 上菜很慢，几乎没服务，退菜了也不说。 「凤爪」 味道还不错 「铁板虾滑」 一般般吧 「菠萝飞饼」 饼比较酥脆，香！ 「手工苕皮」 吃不习惯有点油 「香煎金钱蛋」 还蛮好吃的，份量不多  他们家人是不少，好几层，但是出餐慢，服务有点跟不上，还是本地人推荐，但是我觉得不值得去打卡，路过吃吃就行,0
[薄荷]环境： 门店很大，三层楼，不怎么需要排队 [服务铃]服务： 服务都是阿姐们，上菜速度还可以，就是一个肥肠感觉是忘了一样，其他菜都要吃完了，问了想不要了才上 「凤爪」凤爪卤料味很重，卤的很烂，确实不错 「蟹脚面」蟹脚面面很入味，螃蟹也很好吃，主要这个蟹壳很薄，很好咬，螃蟹吃的出来很新鲜 菜品总体有点偏咸，不过夜宵拍档都是这样的口味，不排队的话还是值得吃,0
📍小民大排档 风很大第一次去，但是没有踩雷！ 	 ✅铁板虾滑 有点超出意外，铁板虾滑超级嫩，而且是看得见的一颗一颗虾仁，垫底下的金针姑都好好吃🤤 	 ✅臭豆腐 这个臭豆腐上上来的时候和朋友们都震惊了，这是臭豆腐？印象里都是长沙臭豆腐的模样，我们以为是豆腐，直到吃了一口，是真的臭，但是也是真的好吃，好嫩的臭豆腐～ 	 ✅烤生蚝🦪 武汉不仅是小龙虾🦞大只，生蚝也好大一个，非常鲜甜，烤的生蚝都很新鲜 	 #龙虾[话题]##武汉[话题]##武汉美食[话题]##武汉小龙虾[话题]##武汉打卡[话题]##武汉旅游[话题]#,0
五一来吃了两次江汉路这家店菜品更全一点环境就挺一般的地面蛮潮湿又油油的 「凤爪」爪子很软糯骨头一下子就脱下来了 「花甲」以为量会很少结果也没吃完哈哈 「脆骨」烧烤类的就点了这一个口味很好！第二次又点了 「榴莲飞饼」太好吃啦！！！趁热乎的时候饼很有嚼劲最爱top1 「龙虾」点的蒜泥口味儿的就两斤左右的味道有点甜甜的虾线蛮干净的 「麻辣香锅」甜爱辣的不建议点就是虾藕片玉米和花甲 上米饭很慢还有蛮无语的就是有个上菜阿姨从我后面走过的时候碰掉了我放在椅子上的包也没说声对不起,0
来武汉的第一顿期待已久的小民 上一次来的时候没吃上这次补上 就在水塔街后面的一个过道里 上下几层大排档没什么环境可言里面比较热也很嘈杂 「凤爪」全场最佳咸香鲜辣软烂脱骨很入味但也是真的辣很重口 「蟹脚面」也是很辣很重口碱水面吃起来还可以就是最后有点咸 「干煸藕夹」面衣很厚吃到最后腻 「烧烤」「花甲」一般  总体来说凤爪真的好吃蟹脚面也还行其他就真的一般,0
朋友推荐的武汉必打卡夜宵店，排队的人非常多，但是过号的速度还是蛮快的，十几桌不到半个小时就吃到了。  环境就真是大排档的感觉，很有烟火气息。  点了特色菠萝飞饼，又香又酸甜很好吃。肉串中规中矩，没有很特别，感觉不如很多地方的烧烤。招牌凤爪煲，选了微辣，对于不能吃辣的南方人还是特别的辣！凤爪非常软糯，入口即化，如果能吃辣的小伙伴强烈推荐！,0
好辣好辣，这家真的好辣呀 「凤爪」这个凤爪大家谨慎一点点，我是一个江西人，我都有点受不了这个凤爪的辣味 「烧烤」烧烤完全没得说他们家的烧烤味道非常好，烤的是只要是肉，都是属于那种外交理论的口感，而且撒料很克制啊，美中不足的一点就是我后来酒喝多了，已经忘了他们家的味道怎么样了 「全味香辣虾球」他们家的小龙虾，因为我吃的比较早，我们去的时候是3月底，所以还没有到小龙虾最好吃的季节，我相信可能到了夏天之后小龙虾会更好吃吧,0
去武汉之前在大众点评上做攻略，看到别人推荐这家小民大排档，到了当地，出租车司机也跟我们推荐了这家，果断去打卡一下！ 周六晚上5点多到的，店里还没开始排队，直接进去了。店面很大，不止一层，桌子像大排档性质的那种，很多人，出菜也挺快的，推荐推荐鱼子豆腐，菜还挺辣的，也有烧烤，总体来说，三个人吃了300多块钱，最后一个炸藕夹不推荐，对我们来说有些油腻 吃完出来，门口已经排了很多人了，不排队的感觉真的太幸福了！,0
节假日是真火爆呀，可以网上提前排号。 ［口味］偏重口一点，深得我心，都有点带甜口。「凤爪」耙耙糯糯，焖烧卤凤爪的形式，大料味道比较重带点甜，好吃。「咸蛋黄鸡翅」吃第一个好吃，吃多了有一点腻，应该是炸过的，有点油。「凉拌皮蛋」好吃，而且感觉给了好多个皮蛋，中间还是整个半颗，下饭菜。「蟹脚面」朋友说很好吃，但是我们节假日去的又比较晚，没有了。「香煎金钱蛋」也是酱味十足的，煮鸡蛋切片炒的，有点咸。 ［环境］环境就是一个室内的，挺大的大排档。 ［服务］上菜比较快，服务也不错。 生意很好，是平时吃都会排队的店。,0
"武汉的夏天，少不了烧烤啤酒小龙虾,提起烧烤摊，就不得不提小民大排档。 现在小民大排档到处都有开，家家味道都不一样。但我还是最爱的大粒孜然洒在肉上，味道绝绝子。 江汉路这家位置好找，就在水塔街，而且足足三层，地方很大，装修走的是叙利亚风简装风,简简单单。 整体菜的味道不错，但就是价格偏高,十几个人人均100多。稍微有点心疼钱包",0
典型的大排档口味，很有烟火气，挺适合武汉人的口味的。 「凤爪」这个基本是每次必点，真的很软烂，一下就脱骨了，也很入味。 「毛豆」也是他家特色，是煮过了的，比一般凉拌毛豆要软烂些，很有特点。 「干煸藕夹」这个不要太香，经典的湖北菜，懂得都懂。 「枯豆丝」这个也好吃，特别枯，当零食吃停不下来，推荐！ [薄荷]环境： 还可以。  [服务铃]服务： 也还可以。,0
所有的菜，都比较辣，拍黄瓜也会放很多辣椒油。服务也很一般，要东西要好几遍，那些阿姨就算很闲，也只会给你解释一下，顺手的事也不会做,0
首先，服务员态度冷淡，缺乏热情，让人感觉不受重视。其次，菜品质量堪忧，部分菜品口味偏咸偏淡，口感欠佳。招牌鸡爪味道也变差了很多，满口的大料味，另外，食材新鲜度有待提高，有些菜品中可见明显的异物。总体而言，小民大排档的服务和菜品质量都不尽如人意。,0
大排档都是重油重盐味道还行，性价比不算特别高,0
小民大排档 必点凤爪，干煸藕丝 必点藕汤！刻进湖北人DNA的汤！吃蟹脚热干面，红焖小龙虾，还有软糯得嘴巴一抿肉就掉下来的鸡爪。晚上的大排档总是人满为患，嘈杂而热闹虾滑藕带空心菜香菜拌牛肉小黄鱼金针菇都特别香😋也许有心理因素的加持比以往吃过的几次都要好吃😋,0
之前在别的地方吃过两次，味道还好，朋友没吃过想试试，位置比较好找，就在江汉路G出口，水塔街直走右拐的巷子里，不需要等位 装修都差不多，两层，就是大排档的简单布局 「凤爪」挺糯的，就是有点辣，桂皮茴香调料太多，药味太重了 「干煸藕夹」挺脆的，味道还可以 「双椒鸡」每家味道都差不多，还是挺下饭的，也没有太麻 「苕尖」「干锅茶树菇」这两个味道挺好，算是家常菜了,0
【位置】江汉路步行街旁边的一条巷子里 【环境】经典大排档的桌椅白色椅子 【服务】自助吧就哈哈哈哈哈哈 【口味】没点什么菜一路吃过来的什么都想尝尝辣到狂喝水吃辣菜鸡 「枯豆丝」新奇体验～ 「辣炒脆肠」treetree的好吃！,0
公司团建想吃个烧烤，这不就来了，小民大排档，挺大一间店，到了一楼几乎坐满，上了楼菜点好上了二楼很快也坐满了。 菜品多，该有的都有，点了满满两大桌，人太多了还不够吃，这有加了不少菜，总得说，吃起来算可以，没什么槽点，但是也没什么出彩的菜品。 价格还算可以，适合闲时来聚，公司团建，朋友喝两口。,0
[薄荷]环境： 非常老牌的一家餐厅，环境布置得像民国时期的风格，菜品和服务得到朋友们的一致认可，太有成就感了，下次继续来！  [服务铃]服务： 服务员非常用心，客户的每一个小需求都会留意并满足。  菜品： 「麻酱凤尾」「酱烧青头鸭」「金桂莲子糕」「鱼丸汤」「双皮奶」「油条糍粑」 点了一大桌的菜已经记不清每一道菜的名字了，印象深刻的是麻酱凤尾，麻婆豆腐龙虾，椒麻牛舌，鸭子，入口都很惊艳。 非常美味的一家餐厅，强推🏻,0
粗茶淡饭之前去过兰亭别院，也跟朋友吃过蒸鲜，这次正好在饭点的时候看到这家汉口公馆，就过来吃吃了。 「蒜焗罗氏虾」之前在兰亭别院点过黑胡椒罗氏虾，所以这次在这点了蒜香罗氏虾，罗氏虾个头挺大，虾肉紧实鲜甜，但是蒜香味不够浓郁，至少只虾壳薄薄一层有着蒜香味，但是整体还是不错的。 「小米排骨」糯米蒸排骨的味道，按正常来说应该是能吃到竹筒这个器皿的竹香味，但是没有品尝到，可能器皿是老演员了，只能说整体一般。 「梅干菜红烧肉」选用的是优质五花肉三层，稍微偏肥，味道还不错，可以说入口即化，但是吃多了还是会腻点。 「葱爆牛肉」牛肉很嫩，然后葱香味浓郁，滋味也足够，会带着微微葱自有的甜味。 整体来说，还是不错的，毕竟做这么大这么出名，是有一定的道理，但是性价比不高，偶尔约会什么的来吃一次可以。,0
环境很好，服务也好，菜品也好吃[点赞]「扬州狮子头」「蜜枣红烧肉」「蒜焗罗氏虾」「卤乳鸽」「黑蒜口蘑牛肉」「全家福」「酥不腻烤鸭」一上来就卷光了全程忙着吃忘记拍照，菜品很对孩子的胃口呀今天吃了3碗[点赞][点赞][点赞]吃的很开心～,0
[薄荷]环境: 晚上过来的，感觉里面好豪华，然后有一面历史墙，全是武汉以前的老字号，感觉这个挺有意思的。 [服务铃]服务: 入座之后会贴心告知扫码点单和洗手间位置，这一点去很多地方都没有过，有个阿姨送甜汤给我们喝好暖心呀， 这个海鲜池里面有大蟹，还有好大的鱼，看着这鲜活的就想吃 「三鲜豆皮」这个虽然每天过早都会吃，比外面的小摊要精致一小块一小块的 「扬州狮子头」这个肉香味很好，配饭吃很好「烧椒鲈鱼」鱼肉鲜嫩，微辣，开胃好吃,0
生日过来提前定的包房，给爸爸过生日住的家庭聚会，环境真的是非常不错，的确是一个老牌的餐饮企业，菜品现在具有创新，又有一些老式的一些菜品，比较推荐的是麻酱凤尾，菜品也比较新颖创新，也非常好吃，因为所有的菜品都是大师级别最炒制水平，这里生日场景打造非常的不错，非常有氛围感，寿星会送生日面条，有鸡蛋，火腿肠做的生日快乐4个字，非常用心了！整体感觉环境不错，服务不错，菜品也还不错，家庭聚会档次还是可以的。,0
好哥们的聚会，大家都要来找我，过年期间照常营业的不多，尤其是家门口能拿出手的就只有汉口公馆莫属。大过年出来吃饭的人还真不少呢，我们很幸运的坐了最后一个中桌，位置还不错。基本上每年在家宴客都会来这儿，原来也是老妈单位的一层食堂和多功能厅改建的，还有我小时候的满满回忆。 [薄荷]环境: 非常有格调呢，多年都不显过时 [服务铃]服务: 春节人很多，基本能顾得过来 「豆腐圆子」依然保持传统的优秀「香煎鲈鱼」也是传统菜色，出品稳定「鲜花椒牛蛙」不是很喜欢里面的酱料感「黄贡椒炒鳝片」相当满意，还有我最喜欢的紫苏搭配「贡藕排骨汤」在湖北菜馆里这样的出品挺失败了，唯一一个大家都不认同的「糊汤豆丝」就是我们家常的腊肉煮豆丝，出了武汉就没这道菜了，真心爱啊！,0
[薄荷]环境：环境优雅，有种西餐厅的感觉，很适合情侣约会、盆友小聚哦。 种草：菜品都不错，推荐「小米排骨」「泡椒鳝片」「三鲜豆皮」「贡藕排骨汤」「彩虹水果茶」「葱爆牛肉」「清炒苕尖」「酱油炒饭」「黑猪肉野藕汤」 [服务铃]服务：热情周到。,0
[薄荷]环境： 武汉老牌的餐馆，所以装潢各方面有些老气 [服务铃]服务： 因为请客，所以定了一个包间，有百分之十的服务费，但并没有专属的服务，换餐盘，要手套，都需要叫半天，才会有服务员相应，并且因为我们人不多，座的是小包，服务员也没问需不需要把门帘带上，我们也不好去关，所以一直敞开，那这样订包间还有什么意义呢？ 菜品味道也是那种无功无过，没有难吃，也不会很好吃,0
汉口公馆应该开了至少有15年了，以前也来过好多次，这次是老婆和几个闺蜜聚餐，喊我来一起坐坐，吃了个免费午餐！ 虽然是家老店，但店里的装修看起来还是非常新，装修个人的感觉也很有档次。 老婆他们应该点的是个午市套餐，菜的份量冒得问题，味道也非常好，感觉是非常有性价比的套餐。,0
已经是N多次来吃了，口感超级好。狮子头和麻香鸡无敌推荐，还有桂花千禧果，一级赞。服务态度没的说，每个小姐姐都很可爱，而且笑意盈盈。哈哈，这次带香港的盆友过来吃，觉得口味很好。热爱粗茶淡饭，希望越来越好。,0
这家环境真的特别好，之前就有好几个朋友就给我推荐过这家店，说是湖北菜的天花板。今天我进来拔草了，鱼头王超级好吃，很入味然后又不是很辣，豆腐圆子也很棒可以尝得出来是里面的豆腐很新鲜，最喜欢的还是他们家的椒麻鸡，真的好好吃。 很满意，下次一定会再来光顾的,0
粗茶淡饭汉口公馆 下雨路过这里，里面还是蛮豪华的感觉，摆放的物品感觉都是古董级别。和朋友过来吃饭感觉很舒服，服务也很赞，感觉都很专业，换骨碟也很及时 「蓝莓山药」甜甜糯糯的，好好吃 「麻香鸡」菜如其名，很香，吃起来好鲜,0
6人套餐有两个套餐，一个788和一个848。先说结论，选的848，不太满意。再来一次估计会选，788套餐。有卡包小包厢，都可以用这些套餐。 先说问题，848的套餐，菜品设置的一点也不合理，完全没展示店铺功力，还不如平时在大厅随便点的合理。 「酥不腻烤鸭」这个和788的「烤鸭两吃」是一个东西。当天品控一般，没别的店惊艳。要吐槽的是上菜顺序，这道菜居然最后上，都吃的差不多了，都不太能吃下。 「夫妻肺片」「湘味腊牛肉」「椒麻鸡」这三道菜放在一个菜单里面，全都是辣味，凉盘，菜品重复，而且味道，没有展示店铺功力。可以换个一两道清淡现炒的。 「清炒时蔬」这个很展现师傅火候，基本上全吃完了。大家评价很高。 「清蒸彩虹斑」实际是改良非洲鲫鱼，味道和鲈鱼差不多，这道做的也可以，都吃完了。 「鱼丸汤」这个评价都不错，但是不是上桌子上的，而是每人上一份盛好的一碗汤，图二。 「三鲜豆皮」「老面大馒头」不知道怎么会在同一个菜单，噎上加噎。 订的小包房，服务还是不错的，装修也可。就是吃了这么多次，对这个套餐有点失望。应该多单点，以河鲜时蔬，汤水为主,0
📍在汉口市中心 循礼门地铁站E口出来 过个马路就到了 有停车位  餐厅环境挺好的 有小包间 菜品份量不算大 但也够吃了  没拍到的红焖宁夏滩羊排很不错 肉质细嫩轻松脱骨 里面一起炖的配菜都很好吃  糍粑是湖北的特色 但油条糍粑是第一次吃 大家都赞不绝口 撒了点黑芝麻ontop 有一种广东人吃擂沙汤圆的感觉,0
环境服务都是非常好的，味道总体也挺好，性价比略弱一点。总体推荐。 每次来小米排骨都是必点，油焖笋丝也是我很喜欢的菜，燕麦山药点了绝对不错。这三个菜吃过不止一次，很推荐。 红烧肉味道很好，有点肥，但是肥肉入口即化，可以说是优质五花了。不过介意肥肉的人慎点。 还点了个牛蛙，味道还可以，没有惊艳，肉的分量少了点。,0
之前上班一直经过这里，看门店不像一个吃饭的 前一段时间买的直播的券才知道这里是吃饭的  [薄荷]环境：位置之间都很开阔是喜欢的感觉 「椒麻鸡」好吃一口惊艳，下面还有汤也好喝，类似于鸡汤然后淋的花椒油吧 「三鲜豆皮」这个不推荐太一般了 整体菜单选择有点少，多一点选择会更加好，以后有机会还会来吃,0
友人小聚，推荐的这家，来过几次，感觉不错。  [薄荷]环境:订的包房。包房环境没话说，先到的喝口茶，沙发上闲聊下。 「麻酱凤尾」每次必点，清脆爽口。 「烤鸭两吃」厨师现场片，另外椒盐鸭架下酒不错，也是每次的必点菜。  [服务铃]服务:还行吧，订房回信息特别快,0
[薄荷]环境: 门口就可以停车，车位还挺多 里面复古风，一进来很高大上的感觉，看不出来开了17年 [服务铃]服务: 服务相当好，细致周到， 「鱼头王」每次来必这个菜，还可以配干油面 「麻香鸡」味道适中，还有包菜鸡肉好好吃 「风干鲫鱼」这个小鱼也超级好吃，有时候外卖也会点 「彩虹水果茶」这个水果茶好适合夏天喝，酸酸甜甜，好清爽,0
母亲节带妈妈来吃饭，餐厅环境高雅舒适，很适合小家庭团聚用餐。服务人员配置得也挺多，服务热情周到，给客户很好的就餐体验。菜品的口味是属于偏健康清淡的湖北菜，但是调味很不错，很好吃，即便是老年人都可以毫无负担大快朵颐。很不错的一次用餐，下次会再来,0
江汉北路的粗茶淡饭，是我今日用餐的绝佳选择。餐厅的环境雅致宁静，服务人员的热情周到，令人倍感温馨。菜品方面，每道菜都经过精心烹制，色香味俱佳，令人回味无穷。 特别是他们的招牌菜，口感独特，味道鲜美，让人忍不住一再品尝。此外，餐厅的卫生状况也非常好，让人吃得放心。 总的来说，粗茶淡饭不仅提供了美味的佳肴，更带来了一种家的感觉。无论是商务宴请还是朋友聚会，这里都是一个不错的选择。强烈推荐给所有热爱美食的朋友们！,0
位置绝佳，吃完饭步行街散步。推荐菜辣蒸鱼回鱼，感觉很多菜都自带主食功效……糯米、小米、豆皮，都属于主食。饭店有简单封闭停车场、独门独院非常好找，服务员很热情，环境安静，菜品超多应该是经常更新，没有找到贡藕排骨汤所以就没有点汤，来了一个二厂小汽水🥤,0
[薄荷]环境:环境舒适，非常适合家人聚餐。 [服务铃]服务:服务员语言亲切，态度非常好。 「酥不腻烤鸭」强推烤鸭，现场分切，皮脆肉酥，皮子跟其他店吃的完全不一样，非常好吃。还有其他菜品也值得推荐「蒜焗罗氏虾」「鲜花椒牛蛙」「麻酱凤尾」「扬州狮子头」,0
[薄荷]环境: 优雅舒适很适合我们这个年龄的人来用餐。  [服务铃]服务: 很贴心，热情。今天是朋友请客。我们一大桌人都很开心。 「豆腐圆子」「鲜花椒牛蛙」「麻酱凤尾」「三鲜豆皮」「鱼头王」这几个菜都超级好吃。还是好多年前来过，味道没有变。老品牌老字号。,0
循礼门金茂大厦的楼下，装修精致但是是比较早一点的类型，楼下比较好停车，服务员态度热情 「麻酱凤尾」麻将咸鲜，青菜爽口 芝士焗扇贝，扇贝肉颗颗宝满，芝士浓郁 「苏尼特羊肉煲」羊肉肉质软嫩，有土豆萝卜打底，味道中规中矩 「竹筒蒸肉」肉比较小块，但小米味道不错,0
作为汉口公馆十年老粉 在附近玩耍的每次 都会想到来这里吃一口 环境一如既往的好 服务员还是以前熟悉的那个 真个感觉真不一般 今天这个茄子真是绝绝子 从未吃过的做法 值得推荐 不过牛蛙完全不是我想象的那样 汤汁很多也超辣 但那个山药粑真不错 形似糍粑 味比糍粑还好,0
来武汉的第一顿晚餐。我想说，只是环境，就给了满分💯。整个餐厅的环境设计，使每个角落，大厅、大厅的围坐都那么的舒适，更不用说包房了，不是豪华，而是更像个有档次踏实用餐的地方。窗户看出去，都市的灯火和繁华尽在眼底。菜品尽是湖北特色，服务有预见和提前量。,0
真的太棒了，能在武汉吃到这么棒的餐！ 身体不舒服加上本身不太能吃辣，找了好久才找到这家，一看粗茶淡饭品牌的，应该不会错，果然，餐品和环境都很有水准 「鱼肚捞饭」虽然是鱼肚，但做出了鱼翅的口感，汤底也非常鲜，口味跟福州酒宴鱼翅羹非常相近，问了服务员，说是深海鱼的鱼肚，鲜味很足 「香煎鲈鱼」香煎一般不会出错，黑胡椒也用的很收敛不会抢了鱼的味道 「酸汤黄辣丁」好有特色，虽然并不是我特别喜欢的口味（像清淡版的冬阴功），但是喜欢冬阴功的会很爱 「清炒苕尖」全场最佳，不爱吃蔬菜的朋友爱到停不下来，这么好吃的红薯叶真的没想到  PS：不知道是不是去的比较晚，服务员感觉赶着下班，水平跟在乌镇体验差好多，而且套餐前菜没有了也没有说，还是问起才说没有的，然后也没有替换的餐品，虽然是小事，但是减低体验好感，希望能有所提升,0
这家经常来吃，产品比较精致，麻酱凤尾是比较适合小朋友吃的。今天还点了烤鸭一只，现场切的，很新鲜，环境优雅。,0
挺好吃的，环境非常好，服务到位 菜品丰富很有武汉特色 朋友都很满意,0
用餐环境优雅精致。服务小姐姐小哥哥服务热情周到。夏天来会送粥和开胃小菜。菜品分量足，味道佳，食材新鲜，值得一试,0
[薄荷]环境: 临街商铺，一层主要是展示区，2层卡座就餐。整体就餐环境明亮、整洁。  [服务铃]服务: 服务员不是很多，点餐自己写，点餐完毕后上了烫餐具的热水，广东那边的习惯。后续除了上餐，很少打扰。 「散子牛肉」底下铺的馓子，上面时候滑铲的牛肉丝，量还不错，整体是咸鲜口的，牛肉滑嫩，不塞牙。 「金牌蛋豆腐」这一看就是自家自己做的蛋豆腐，做法很简单，拍层粉子上糊下油锅，出盘浇汁，女生可能会比较喜欢的一道菜。 「火爆三鲜」没有不好异味，厨师勾芡不是很浓重那种，见功底快手菜，不错。 「金牌脆皮猪手」头一次见论片上的猪手，一个猪蹄的一半就是一片，要了4片=2个猪蹄，先卤后炸，外皮有一点点焦脆，内在韧弹，卤的地味够，好吃😋。 「珊瑚鲩鱼」见刀功的一道菜，甜酸口，糊上的有多了，火候过了些。 都是很家常的菜品，性价比也还可以，要是真住周边不远可以来吃吃，但没必要特意过来尝。,0
在繁华的江汉路上，有一家老字号餐馆，它不仅见证了这条街道的变迁，更以其十年如一日的品质，成为了无数食客心中的美食圣地。这家餐馆以其传统的烹饪技艺和对食材的严格挑选，赢得了广泛的赞誉。 餐馆的招牌菜——红烧肉，是每位来到这里的食客必点的佳肴。选用上等猪五花肉，经过大厨的精心烹制，肉质鲜嫩，肥瘦相间，入口即化。每一块红烧肉都仿佛蕴含着厨师对烹饪艺术的热爱与执着，让人回味无穷。 这家江汉路老店无疑是一个值得一试的地方。,0
大家都推荐的刘胖子家常菜果然名不虚传，散子牛肉酥脆香浓，金牌蛋豆腐嫩滑细腻，每一口都是对味蕾的极致挑逗。火爆三鲜更是鲜美无比，色香味俱佳，让人回味无穷。店内一楼饮品区，精选各类饮品，清甜可口，还可以打卡！一定要早点来哦不然就要排队了[狗头],0
刘胖子家菜馆这个名字很亲民感觉在哪个城市都有这样一家店名一样的，关键是味道还是挺不错的这也是我喜欢的，这家店的店员服务挺不错，做事都是事事有回应这点很好，老店果然服务都挺到位的，虾就绝对是店里的招牌酸菜鱼我觉得比较中规中矩但是分量还是挺大，蟹黄丝瓜这道菜丝瓜的做法和我们那边不一样口感较脆挺不错！,0
去武汉住的民宿附近这家店挺多人排队的但是翻台也挺快 两个人点了三菜一汤最喜欢的是「网红脆皮茄子」脆脆的甜麻甜麻的虽然很高热量但还是忍不住吃还点了「火爆三鲜」这个最后上的都还可以下饭但个人感觉有点油「虾渣」这个第一次吃比较特别试试味道但没全吃完,0
在江汉路逛街逛到肚子饿就带朋友来吃刘胖子啦，正好也是总店。 「干锅千叶豆腐」这个强烈推荐～价格实惠，份量也特别大，我们三个人都没吃完。味道是真的可以，下饭指数拉满。 「手撕包菜」酸辣可口，里面还有点猪油渣，虽然我不吃荤油但是也必须说它真的很好吃。 「网红脆皮茄子」这个一般般吧，调味是还可以的，外面的脆皮是麻麻辣辣又有点甜的，内部软嫩多汁，但是比较适合当成零食来吃。 「爽口牛肉」这个挺踩雷的……调味没什么毛病，牛肉也给得很多，但是我们都不喜欢牛肉的口感，像是生粉放多了，过于嫩了以至于失去了牛肉本身给人的感觉，而一些部分又有筋，所以有种又嫩又难嚼的奇怪口感。打底的苕粉还行吧，不推荐。,0
[薄荷]环境: 听名字本以为是小破店，那种大排档的感觉，但是到了后发现是个小酒楼，很大，环境蛮新的，很意外 [服务铃]服务: 所有的工作人员都很热情，上水什么的都很及时，很难得 「粉蒸排骨」这一口惊艳到我了，恕我在本土城市真的没吃过好吃的粉蒸系列，而且来这次对粉蒸排骨并没有抱有太大的希望，因为印象中的都很一般而且这家不是专门做粉蒸系列的，但这一口，简直太香了，入口软糯的米香还未适应，猪肉的油香马上就刺激着味蕾，软烂脱骨的口感，简直一绝 「清蒸武昌鱼」没要辣的，要的清蒸的，身为一个海边长大的人，我到现在也想不明白一条新鲜的鱼，做成这样的造型和味道，卖我39？眼泪和口水不争气的流了下来，咸鲜口，面上带一层葱香，鱼肉新鲜，强推 「排骨藕汤」藕汤作为武汉的代表菜，我期待很大，但喝到嘴里有一定落差，因为耦的味道占据主调，略带一点排骨的油香，应该是先炖的耦，在炖排骨，汤是好喝的，没达到预期 「散子牛肉」「干煸藕条」这两个菜，个人觉得无功无过 餐厅性价比高，菜量大，味道有保障，功夫菜没偷手，值得来吃！,0
大雨天冻得瑟瑟发抖的我和哥哥，还是毅然决然地长途跋涉到这家推荐很多的武汉家常菜馆，来体验正宗本地风味。一路跋涉，衣帽具湿，真是俩吃货……  俩人点了三个菜，还点了店里的手摇果茶，其实菜量不小，而且每一道都很下饭，但来都来了，不尝尝一定会带遗憾走。  「散子牛肉」做攻略就看到的一道菜，牛肉丝和掰碎的馓子都浸泡在芡汁里，牛肉极嫩，馓子油香，混合后乍一吃竟很难分辨出彼此，属于鲜香口味。  「蹄花焖藕」来武汉怎么能不吃藕，这里连猪蹄都能配藕，猪蹄是普通的好吃，关键在于粉糯拉丝的藕，吃一块想一块，要不是住宿的地方没有微波炉真想打包带走。  「鱼杂烧豆腐」热乎乎的一道菜，鱼籽鱼泡豆腐在持续加热的火焰上翻滚鱼辣汤里，下饭！,0
离开武汉前的最后一顿，决定试一下应该比较能代表当地特色的酒楼土菜✌🏻两个人四道菜被服务员阿姨夸会点菜了嘿嘿。 「马蹄炒肉」没吃过也没想到可以这么做的一道，马蹄甜丝丝的和一捏捏青椒味很搭，清爽不油腻 「鱼杂烧豆腐」没有土腥气，香喷喷的但是个人不喜欢这种没味道的红油菜，配了加热的小锅，如果要吃最好别关火，凉了以后会凝固没法吃 「干煸藕条」好吃！！！椒麻味香晕了，藕条比想象中粗一点有点像细薯条，北方人第一次吃油炸的藕条，感觉比土豆还合适，基本可以在回油变软之前空盘 「清蒸武昌鱼」其实是为了武昌鱼来吃的，超嫩，口味上就是豉油蒸鱼的感觉，但价格很感人分量也足，好吃,0
黄陂街的刘胖子，在家常菜上做文章，平常小菜做出了不一样的味道 推荐菜品 外婆红烧肉 肥瘦相间的猪肉，和鹌鹑蛋组合在一起，用西兰花和圣女果来搭配颜色，看上去色彩鲜艳，有喜庆的味道，咬一口味道鲜美，色香味俱全。 金牌蛋豆腐 豆腐块走油，外酥里嫩，淋上一层蜜汁以后，又好看又好吃，价廉物美，大受欢迎，所以获得了金牌。,0
当地很有名的一家餐馆，据说有三十多年的历史，生意还不错，我们一行七人，点了13道菜，员工会提醒，这家刘胖子楚菜馆的味道真是让人回味无穷！特别推荐他们的招牌，口感酸爽，辣度适中，还有一丝微微甜味，简直是绝配！而且服务态度也非常好，每次来都能感受到他们的热情和耐心。下次还会再来的！,0
也算刘胖子的常客了‼️第一次来江汉路的总店吃，一大栋楼，据说在这里起源的。 还是点了几个必吃的、爱吃的😋，蒜香🧄排骨、口水鸡‼️排骨肥瘦比例刚好、炸的火候🔥恰到好处，香味十足，人少就点中份即可。 总体菜品丰富度不错，然后还有单本的小菜单都是些新品‼️店还在创新，这点蛮惊喜。菜品放心点，不会踩雷‼️,0
来武汉的第一顿，做好了攻略，选了这家，真的超好吃！！每道菜都没有踩雷  [服务铃]服务: 先说不满的，我们两个女生点的菜有点多，只要了一碗米饭还没吃完，中间服务员还来确认了下说大姐下单了两碗米饭，只有一碗吗，我们还强调了下只一碗，让改下单子，结果最终结账还是收了两碗的💰，我们回酒店看小票才发现的  「蹄花焖藕」猪蹄和藕都非常软糯入味； 「清蒸武昌鱼」两个不爱吃海鲜的人，为了尝下当地特色还是点了，结果一点不腥😋； 「干煸藕条」很好吃，就是量不太大； 「酱黄瓜」续命解腻的一道，不咸，甜甜的；,0
觉得来武汉要吃当地连锁店的话，刘胖子应该是首选，物美价廉，菜品也有当地特色。 「馓子牛肉丝」黑胡椒碎带点刺激感，挂了厚厚的芡汁，馓子吸汁以后有点类似麦乐鸡块的味，唯一不太喜欢的点是估计用了小苏打来处理牛肉，牛肉丝很嫩，但我总觉得这么嫩的吃着没啥牛肉感觉了。不过总体上还是有特色且美味的。 「葱香武昌鱼」葱姜香味浓郁，很新鲜，39块钱这么大一条鱼。鱼肉是纤维感比较明显那种，很好吃。 「红油虾渣」这个菜是一个老菜，我看都没啥人点，问了我的武汉朋友，表示这是妈妈辈吃的东西，年轻人基本不吃了。但我觉得超级有特色而且下饭，虽然叫红油但不辣，有点像虾酱里加了粉蒸肉那种米粉，辣度主要来自胡椒粉，但也就是微微辣口，油润的程度刚刚好。总体上是那种腌渍发酵类海鲜酱的感觉。 三道菜都很棒，菜价实在太便宜了。,0
武汉旅游第二天，晚饭点，我们早早就到了，生怕晚了取号等位。4.15可以入座，对着大众上大家推荐的菜，我和老公西葫芦画瓢点了4菜1道点心。 不知道是什么原因，我和老公都觉得这里的菜热度不够，不像是热火上现炒出来的。 「火爆三鲜」料是蛮足的，腰花处理的还可以味道不算重，但是没熟，上面都还带着血后来让服务员重新拿去厨房再加热加熟。 「散子牛肉」这道菜的特色可能就是点心➕荤菜。味道还行，如果把牛肉拌匀，馓子就软了，口感可能没那么好。 「蒙古牛肉馅饼」这个饼味道还行，但不是那种脆的口感，软软的。 「葱香武昌鱼」葱花挺多，但是这道菜的热度不够，真的很影响整体的口感。没啥特色。 这里的服务员大多数年龄偏大，阿姨们只负责自己负责的桌号，有问题找了服务员，她们不会立马给你解决问题，要把专门负责的阿姨再喊过来处理,0
今天朋友生日，我们一行又来刘胖子聚餐，店家不仅送了长寿面水果，意外惊喜工作人员还送了生日快乐祝福歌，服务越来越体贴 今天「金牌脆皮猪手」「老汉口凉面」「干锅鱿鱼须」「红烧肉」「浏阳一品脆笋」「冷锅鱼」「茄汁菠萝鸡」「开胃老鸭汤」 大家一致喜欢金牌脆皮猪手，我最喜欢菠萝鸡，菠萝清甜，鸡块橙黄甘酸适口。,0
[薄荷]环境: 外面看着是一个普通的小饭馆，进去感觉比外面看起来感觉要好。虽然装修能看出来比较老了，但是整洁干净，用餐环境比较舒适。 [服务铃]服务: 特别提出表扬的是，有服务员会提醒用餐的客人不要在公共场合吸烟，对于本人真的很加好感度！而且服务员还会很自觉的跟厨房催菜。 看着菜品的价格不算贵，两个人点了两菜一汤还以为可能少了，结果没吃完就撑到了。必点的是「排骨藕汤」，汤的味道很浓，藕也是粉粉糯糯的，另外点的「散子牛肉」和「干煸藕条」应该都算是湖北特色菜，但是感觉下次再来不会点散子牛肉，因为个人不太喜欢勾芡的口感，干煸藕条确实可以一试，甜甜咸咸微辣的口感。,0
已经是数不清第多少次来吃了，所有的店还是总店最好吃  「金牌脆皮猪手」必点！好吃！今年涨价了两块 「干锅杏鲍菇」好吃！便宜大碗！ 「豌豆苗啫啫煲」好吃！开启了青菜的新世界大门哈哈哈哈 「爽口牛肉」挺一般的，合成牛肉，不好吃，别点了 「全味虾球」一般般，无功无过，凑合吃 「茄汁菠萝鸡」好吃！爱吃酸甜口的福音  点菜的时候说生日，店员还送了一碗长寿面，味道也是非常的不错。很大一份,0
下高铁的第一餐，打车直奔刘胖子家常菜的总店。 [薄荷]环境： 店面很大，因为来的比较晚（八点二十），所以也不用等位。  「排骨藕汤」太好吃了，莲藕炖的软糯。  「铁板鱿鱼」很香，上桌之后加热了一下让韭菜变熟，有烧烤的风味，过瘾！,0
两个人我们绝对是点多了，服务员一再提醒点多了，但是来旅行总想吃到更多种食物所以一意孤行，感谢店员提醒。店面挺大的有五层的样子，有电梯。饭点去可能要小排队。 干锅杏鲍菇：推荐，里面的五花肉、杏鲍菇丝、芹菜丝都很够味，咸甜微微微辣口。 蒸武昌鱼：推荐，虽然鱼刺很多，但鱼肉很嫩很细腻，是有一点勾芡的红烧豉油汁的感觉。 馓子牛肉：还好，馓子开头很脆，但很快会被勾芡汁软化，牛肉很嫩。 金牌蛋豆腐：还好，豆腐很嫩，炸的也很脆。酸甜口的酱汁淋上的。 蹄花闷藕：还好，藕好吃，蹄花一般。总觉得缺了点什么。 三个大荤菜，一个里面有点肉片，一个豆腐，只要165元。这价格还在江汉路步行街附近，真的超值。,0
武汉本地人应该都知道这家店吧！在江汉路大洋百货背后的民生路，其他很多提防，比如龙阳村那里还有一家店。基本可以闭着眼睛点菜不会踩雷，价格不高分量很足而且味道很好。推荐：酸菜鱼，火爆三鲜，锅巴鱼香肉丝，金牌蛋豆腐和蹄花焖藕。服务员态度很好，人均50不到可以吃很饱,0
总体性价比挺高的，有的菜还可以点中份 「散子牛肉」很特别，牛肉浇了一层芡汁，底部的散子泡软了就没那么好吃，趁热吃最好 「金牌蛋豆腐」酸甜口，豆腐很嫩，酱汁感觉是糖醋汁 「排骨藕汤」还不错，藕更软烂就更好了，汤很好喝，喝了四碗，沙沙的很不错 「口水鸡」不推荐，不麻不辣不香，很一般，肉还很少,0
去的黄陂街的老店，一走到路口就能看到店的招牌，虽然排队人很多，但是翻台很快，上菜的速度也很快 「孜然大刀牛肉」下饭神器，牛肉辣辣的又很嫩 「散子牛肉」之前只吃过馓子皮蛋，跟牛肉丝搭配起来也很不错 「金牌蛋豆腐」每次必点，微甜微辣我很喜欢 经济实惠，份量也足,0
刘胖子家常菜，真是美味至极！每一道菜都散发着浓郁的香气，让人垂涎欲滴。从选材到烹饪，都能感受到厨师的用心和热情。尤其是那道招牌菜，口感鲜美，回味无穷。不仅满足了味蕾，更给人带来了家的温暖。强烈推荐给各位美食爱好者，绝对值得一试！,0
服务真的很不错，进店就会很热情的指引，到了餐桌阿姨都会很亲切的推荐菜品、根据我们人数提醒我们菜量。 菜品：点了几个招牌，都没有踩雷，这个蔬菜热的时候真的太好吃了！很解腻！！！ 武昌鱼真的太嫩了！！ 藕汤的藕粉糯粉糯！！！就是汤有一点点咸！！！来武汉旅游，真的被人文气息深深吸引！！！ 这个阿姨超级无敌好！！！！,0
味道还可以，服务业不错，食材也新鲜,0
吃了招牌的几个菜，心目中的排名是凉拌毛豆、蒜香鸡、撒子牛肉、粉蒸排骨，当然了，粉蒸排骨排在最后主要是我不太喜欢粉蒸的，不过我尝试了一块，还是让我眼前一亮，红薯打底让排骨多了一些甜味，很赞。服务很好，武汉很多很有名很火的的小吃也好，早餐也好，其他正餐也好，感觉都是火了以后尾巴翘到天上去了，这家反而让我觉得服务很舒服凉拌毛豆的料汁真的一绝，唯一的缺点是毛豆可能过水差了一点，还有点难咬开。 整个体验下来，价格不贵，菜品份量正常，口味不错，服务很好。,0
被同事安利了好久的家常菜馆，终于来打卡了，江汉路总店这边门店很大，生意很好，属于性价比比较高的，阿姨的服务也蛮不错的 「干煸藕条」藕丝必点，甜咸口脆脆的，是很粗的脆藕 「金牌蛋豆腐」蛋豆腐很大厚几块，像鸡蛋豆腐的味道 「干锅蒜香鸡」蒜香鸡分量很足，肉也不柴，但是味道不算特别惊艳 总体来说算是性价比比较高的家常菜馆，适合人多聚餐来,0
性价比很高的老牌湖北菜，就是去晚了好多都卖完了，只能早早去啦,0
和我的饭搭子一起解馋来的 珊瑚鱼可以说是每次必点，标准的味道，绝对是解馋第一品。但油大，配菜就点个去油腻的凉拌毛豆，味料调的还可以，因为不加辣，所以感觉酸度浓了一些，到也还可以。大众还送了一杯马蹄露,0
破防了，家人们，这才是武汉人都爱吃的，江汉路步行街这边有家湖北菜做得很好吃，每次我们都会来这边吃饭，他们家的长方形很多同事聚餐，家庭聚会都会选择这边，而且氛围感是好好的，他们家的桂花红烧肉很好吃，我看每周都有这个菜好肥，而不腻，肉肉可以看到清楚的分成上面还少了一层桂花，配上那个酱吃口感真的很好,0
[薄荷]环境: 装修可以，绿植也很到位。就是用餐环境偏昏暗，每桌上方有个灯，不是那种很敞亮的氛围。  [服务铃]服务: 可以，完全不用催，就主动来服务了。 喜欢的菜品也超多，除了啷个臭鳜鱼完完全全接受不了，其余的都爱，特别是荤菜肉类/一些酸辣口儿的，芝士类的点心。  吃了几次，尊的不踩雷。基围虾鲈鱼话梅排骨藕带，经常点，好吃不腻。 「外婆红烧肉」 「芝士烤红薯」「清蒸鲈鱼」「芝士焗红薯」「酸辣藕带」「白灼基围虾」………… 「十年·精致湖北菜(M+购物中心店)」,0
武汉的这家老字号真的是好吃，之前就吃过好多年的老店了，在家汉墓一直都是我最爱的湖北菜之一，位置属于江汉路步行街按摩家四楼十年环境大气干净卫生，菜品也是很地道的，湖北卫视谁不爱呀，这个乌鸡汤特别好喝，真的是很滋补的一道汤，汤底也很鲜美红烧武昌鱼还拿过奖品质确实没得，话说，鱼肉质比较鲜嫩，新鲜现作吃的安心，放心,0
周末与妈妈逛街，顺便到“十年”吃个午饭。店内环境优雅，去的时候只有角落有两人位，天气炎热，吹不到空调，但店员小姐姐很贴心地拿落地扇降温。排骨藕汤咸鲜适口，汤很好喝。辣椒炒肉，鲍鱼烧鸡也都很美味，蛤蜊蒸蛋很适合拌米饭吃。总之，以后还会光顾“十年”。,0
都还蛮好的嘞，我们是第二次过来这边吃饭吗？今天是陪朋友一起来这边办点事，然后就又过来这边了点了一个套餐，然后他单点了几个餐厅感觉分量都很足，我们都没有吃完味道都还蛮好的那个鲍鱼烧土鸡味道不错，你没有土豆大的机会烧到非常入味，味道也很好，还画眉糖醋排骨酸酸甜甜的很适合夏天吃比较开胃的一道菜品，还有他们家的辣椒炒肉都还不错哦,0
这个套餐买的人应该蛮多的，周六看完电影就到这里来解决午餐，还蛮多等位的，我们等了二十多分钟吧。今去的时候看到很多三四个人的桌都是上的这个套餐。 整个套餐值得好评的就是辣椒炒肉了，味道还不错。一大罐藕汤全是藕，捞了一块骨头出来，鲍鱼烧鸡块，三四个拇指大的小鲍鱼➕寥寥几块鸡，下面全是垫的土豆，海鲜蒸蛋太清淡了，没啥味道。 总之以前来十年印象一直蛮好的，这次抢购的套餐，说实话做的不够好，把之前美好的回忆都破坏了，是一次失败的营销。希望店家能引以为戒吧，引流绝不能以牺牲口碑为前提，要不得不偿失啊！,0
五一心血来潮打着飞机跑来武汉吃吃喝喝一天，本来想去吃来荚或肥肥虾庄，奈何过节期间这个排队的人啊，真心等不起，毕竟当天往返，还要赶晚上的飞机，时间有限 于是随机搜索了附近的武汉菜馆，发现了他家，正好17点的时间餐厅还没排队，赶紧进来开搓 ⭐️位置⭐️ 在商场里，靠近扶梯，很好找 ⭐️环境⭐️ 餐厅环境还不错，属于比较雅致的装修风格 ⭐️服务⭐️ 用餐期间服务的工作人员都很好，态度好，还会温馨提示很多细节，上菜速度也快，唯一结完账走时，在门口碰到的一位没穿工作服的男工作人员态度恶劣，本身要开发票，询问了是否有电子票，这位工作人员表示没有打印的二维码电子发票，需要通过手机扫描一个二维码自己操作，于是我拿手机扫了，但是进到界面输完发票抬头一直无法获取餐费信息，反复操作了三次都不行，于是询问是否可以开纸质发票，被告知没有，只能扫码，我说了扫了不行怎么办，这位男服务人员态度非常不耐烦，表示只能扫码，让我再试试，一脸的嫌弃好像我不会操作似的，一点没有要耐心了解情况，帮忙解决的意思，只会不停的让你扫码…在我和他僵持不下的情况下，还是一位前台女工作人员提出，是否可以尝试让朋友的手机扫码试试，有可能苹果手机会出现扫不出来的情况，后来我的朋友用他的手机扫码成功开具了发票，本来事不是大事，但这位工作人员在出现问题时表现出来的应对问题的处理能力及态度都很差，我不知道他是不是老板，但即使是老板，对待客人也应该心平气和一些吧，本来的五星体验，最后因为这一个环节确实让我整体对这家餐厅没有了好感，毕竟谁来吃饭也不是找堵的 ⭐️菜品⭐️ 「新派糖醋排骨」小排是他家菜单经典，味道确实不错，尤其是勾芡的汤汁浓稠裹着小排，甜甜的很好吃😋 「武昌鱼」来武汉必须吃口武昌鱼，红烧的做法中规中矩，鱼肉也很嫩，就是刺有点多，可能是鱼的品种问题 「筒骨铫子藕汤」武汉的藕汤基本不会踩雷，他家虽然没有来荚味道那么浓，但也很不错，属于越喝越想喝的那种，而且用料很足，一锅满满的洪湖藕，拉丝软糯，尤其当天下午赶上了阵雨，很碗汤超级暖和 「桃胶银耳炖雪蛤」团购有活动点了一个，味道就比较soso了，桃胶比较多  整体上来说，菜品没问题，餐厅环境也OK，但如果是我，碰上这次的事情，我是不会愿意再来第二次的，服务态度是我对一家餐厅是否可以再来的考量第一要素，也希望餐厅能正视问题，加强一下服务水平，别因为个别人拉低了餐厅整体档次,0
吃过两次，第一次堂食觉得不错就充了值，第二次打包回家吃，份量少了很多，味道差一点，当时就意见挺大的，这次想把充值的钱用完就又来了 「跳跳虾和美美蛙」不怎么样，「新派辣得跳」干煸牛蛙，味道蛮好的，就是份量太少了，有没有半只，首页看图鉴别 「话梅糖醋小排」必点，排骨肉挺多的，酸甜可口 「芝士烤红薯」必点推荐，老少皆宜 「葱爆嫩牛肉」牛肉嫩，但味道一般般 「堂灼蒜蓉粉丝虾」一共五只虾，虾子没入味，得亏只有五个人，不然都不够分 避雷龙利鱼，外面裹了淀粉炸，味道有点像油条，但又咸又苦，里面的鱼肉挺少的，大家都没怎么动筷子 总的来说，吃了三次，一次比一次失望，最大的诟病是份量少，但价格也不算低啊，服务还是可以的,0
是谁又被十年惊艳到了我不说 「烧椒拌糖心皮蛋」这个糖心皮蛋真的惊艳到我了，从小到大都超爱的糖心皮蛋，居然可以在凉拌皮蛋里吃到完整的半颗，很满足。 「麻辣虾球」虾球个头很大，搭配春季限定蚕豆，糯糯的蚕豆给虾球增添了一些限定气息。 「筒骨铫子藕汤」藕汤很浓郁，喝了两大碗。 后面又点了脆皮烧鹅，烧鹅的品质还可以更稳定，总体来说，是一次满意的用餐体验。,0
地道的湖北菜，适合湖北人的口味。餐厅环境干净整洁，人员服务态度好。 和朋友聚餐选了这家，喜欢吃辣的朋友一定要试试他家的辣得跳，肉质鲜嫩，麻辣过瘾，还有其他招牌菜都可以试试，还有湖北人爱喝的筒子骨煨莲藕汤，莲藕粉糯，筒子骨软烂，美味好喝。可惜忘了拍照。 除了地道的湖北菜，还有一些创新菜式，下次来试～「糖水糍粑」 「跳跳虾和美美蛙」「新派辣得跳」「话梅糖醋小排」「排骨藕汤」 ＃湖北菜＃,0
我是第一次过来这家餐厅吃饭，因为之前朋友说过我没有过来，今天是被朋友拖过来的，他说叫我一定要吃一下他家的菜，说很好吃，我两口味差不多的我就过来了，过来之后我朋友按照我的口味点了几个菜品，我感觉都很好吃，真的跟他说的一样的，他没有骗我，跳跳像美蛙烧的很无味，很鲜嫩啊，挖的个头也很大，是活的牛蛙，不是像别的地方是那种冻的。花肉我感觉他家的食材都很新鲜，可以吃的出来，再一个就是他家的服务也是很好的。你那个黄金跟什么的花朵啊有包房，到处都有花，女子看到就很舒服，而且非常干净。,0
哈哈，我们又过来这边吃饭了，我自己都不知道我是第几次过来这边吃饭了，反正这次吃饭的话第一时间想到了就是这家餐厅，因为氛围感还蛮好的，服务也还蛮不错展示菜品的性价比比较高，好吃还不贵，经济又实惠，而且每到菜品都很好吃，分量都很足尤其是辣椒炒肉很好吃，一颗一颗的辣椒，吃的很过瘾，也不怎么辣，五花肉也炒得很香，比较下饭的菜品，而且他们家的藕汤也非常好喝，浓浓的藕汤，口感还蛮好的,0
十年，印象中很老的牌子了， 上一次来还是很久很久之前的上次 M＋的这家店环境真心到位，灯光也是恰到好处。 「张树港辣椒炒肉」点单率极高的下饭菜，价格实惠，性价比高 「蟹黄粉丝」中规中矩，说不上好与坏，自己感觉一般 糕点忘记啥名字了，确实是有点黏牙也有点腻 套餐整体而言性价比高，和所处的位置来看可以接受。,0
[薄荷]环境: M+商场的4楼，手扶电梯口。位置还挺好找的。里面安静，本来想坐在窗边，但有点晒。可能是中午刚用餐时间，开始人不多。所以空调开得有点晚，刚开始做进去的时候吃饭的时候有点热。  [服务铃]服务: 服务挺好的，积极响应，入座上茶和帮忙打卡送酸奶等等。  🍚口味： 藕汤家常菜味，菜的味道不错，辣椒炒肉里有四季豆，辣椒很好吃。,0
三月武汉行之美食探店第二站——十年·精致湖北菜  武汉行程的第二天，我们去了东湖以及里面的樱花岛，下午当我们累的不行往回赶时，就想在酒店附近找个不踩雷的店补充一下能量犒劳一下自己。站在循礼门地铁站出口旁查阅大众点评，很快就锁定了这家店。点评4.6高分，湖北本地菜代表，看名字似乎奔着十年老店，点评上还有团购套餐可以不用耗脑细胞点菜，这么多充足的理由，那还等什么？！直接无脑入即可！  事实证明我们的选择无比正确！不仅没有踩雷，而且这家也给我们很多惊喜。完全可以信赖大众点评的力量、群众的眼光，老店的口碑不是盖的！  [薄荷]环境:位于M+购物中心的四楼，装修典雅，窗明几净，闹中取静。桌子空间够大，携家带口吃饭伸展得开。  [服务铃]服务:热情有加，上菜速度快，茶没了立刻续上，有招呼能立刻响应，关于菜品的问话会耐心地解答！  我们团的是点评的169精致三人餐，出乎意料的好。菜量一点不像我们担心的如名字里的“精致”，所以我认为，精致应该指的是它家做菜的用心程度。  「跳跳虾和美美蛙」，有虾也有蛙。吃过几家美蛙，无一不是辣，而作为湖北融合菜的代表，它家的虾和蛙居然只是一点点辣。这对于吃不了太辣的我来说，可真是大爱啊！ 「广式烧鹅仔」，正经的烧鹅，却没有掺杂腊味，非常受我娃的欢迎，几乎大半盘都让她吃了。 「辣椒炒肉」，嘿嘿，也是不那么辣，而且下饭。不仅我和老人们能吃，我娃也能吃。盘子里最后消灭得干干净净。这下彻底打消了我以前对湖北菜辣的担心。 「清炒时蔬」，今天的是菠菜。惊喜的是，没有草酸的涩味。家宝的一句话评语就够了：很少见到菠菜能炒的这么好吃入味的 「烧椒拌皮蛋」，等等，我怎么没这张照片？难道忘了给我们上这道菜？ 我们自己还加点了一个「新派糖醋排骨」，说是排骨，里面就都是排骨，没有一个进来混的其他部位，好吃，也不甜齁。  服务员还主动告诉我们，打卡+收藏，送酒酿养生香芋羹(我有照片你们却没入菜谱哦)。这诚意，比那些送冰粉的店强多了。  临走的时候，店员告诉我们，如果开车的话，还可以送停车券，这服务，鼓掌👏🏻吧！  最后，奉劝那些以为在这里吃饭会听到陈奕迅«十年»的朋友们端正思想，这里吃饭是没有音乐🎶的哦。再说了，单曲循环在吃饭时听一首歌会腻的。而且，此十年，非彼十年哦,0
「十年·精致湖北菜(M+购物中心店)」餐厅环境和服务俱佳，提前下单了DY套餐，99包含三菜一汤，性价比超高，建议大众也多推出此类活动哦！「芝士烤红薯」叠加了芝士红薯，红薯甜糯，搭配芝士，小孩最爱！「筒骨铫子藕汤」藕汤没有浓稠的调料味，清淡为主！「海鲜蒸鸡蛋」蛤蜊数量不多，但每个都很新鲜！还有蹄花烧凤爪和漳港辣椒炒肉，这些是辣口的下饭菜，这个品质和价格也是超值了！强烈推荐！！,0
环境：就在M+四楼，位置很好找，店里环境清幽舒适，简约安静，非常适合家人朋友小聚。  菜品：一家典型的湖北菜，菜品种类丰富，味道鲜美可口，上菜速度也很快。  服务：态度亲切，响应及时，周到热情，每次来武汉都想过来喝一下十年的藕汤！  推荐：1.姜辣蹄花烧凤爪，2小锅牛排3桂花山药4鲍鱼焖土鸡5卤水拼盘，6小龙虾拌热干面,0
是无意间路过这边的，看到我这家商场开着在，我们就直接进来了，本来准备到楼上去的，结果不想楼上人有点多，然后就下来下来看到诶，这家餐厅从外面看环境还不错，而且还有好多人，我们都进来了，点了一个套餐，都是他他们家的特色菜品，我没有想到他们家的菜品是真的很好吃，藕汤真的非常好喝，我都喝了好几碗了，还有鲍鱼烧土鸡都非常好吃,0
这家餐厅有一个99元的套餐，很值得去拍 比如晒出来的这几道菜都算是硬菜 印象比较深的有海鲜蒸蛋 除了上菜速度慢，其他没毛病 这就是鲍鱼烧鸡汤汁非常的好，如果入味一点点就会更好 排骨藕汤的分量实在是大的惊人 总之，物超所值，很值得 另外再夸一下服务员的服务态度很好,0
来到武汉的第一餐，我来啦！ 在江汉路步行街的M+商场里，省去路边人挤人和排长队 「湖北传统藕汤」这里处处是藕菜，不能少了喝一碗藕汤。汤很醇厚，味道却很清淡，多喝不腻，但肉眼可见的猪骨浓汤，是爸妈爱的营养浓汤呀～ 「醋香鲈鱼」进店浓浓的醋香味，猜测大家都点这道菜？这个大概是河鲈，对于从小只吃海鲜的我来说有点“味道”，多蘸点醋能盖的住。不过小朋友很喜欢，1/4都是小朋友吃掉的。 「话梅糖醋小排」味道不错呀，酸甜可口，排骨是仔排炸过的，也是一道小朋友爱的菜。 「手工红糖糍粑」发现今天的菜都是甜口的这个真的是手工的感觉，圆条条，外脆里嫩，趁热能有糯米拉丝，,0
我们都吃完了，才想起拍照他家的菜品，是真的很好吃，外婆红烧肉特别的好吃，上面撒了一层薄薄的桂花，看着就很有食欲，色泽诱人，是甜口的，肥瘦相间的五花肉，特别的好吃，然后还有葱烧武昌鱼一大条的边鱼烧的很入味啊，鱼肉非常紧致，像是活鱼，然后他们家的武昌鱼还拿过奖的,0
心里一疼得城市，心思一疼的店名。本来去旁边那家吃藕汤，排队人太多，感觉也不如这家十年，突然的人流让服务人员措手不及，吃完结账的时候一再道歉。菜在不断翻台的情况也没走形，红烧肉有点意思香而不腻，忘了那个配菜是什么了，山楂还是什么来着？感觉味道搭的绝，芝士红薯每桌都有，鳝鱼菜单上是桥鱼，上桌才知道是这。藕汤也好，只不过济南吃藕也有几把刷子，并不感到惊艳,0
还是年前去的，逛完江汉路在美团上看了他家的评分蛮高，就果断选择了 [薄荷]环境： 环境不错，在M+五楼，座位之间还算宽敞，靠窗边还有绿植装饰很清新舒适 「芝士烤红薯」「外婆红烧肉」「筒骨铫子藕汤」「鱼籽豆腐」 最爱他家的芝士烤红薯浓浓的芝士奶香红薯非常浓香可口 外婆红烧肉，听说是用精品五花肉烧的，肥瘦相间软软糯糯入口即化 [服务铃]服务：还行，需要什么一喊就过来了,0
今天到武汉第一天，第一餐在附近这家吃了，下午一点多还排了大概小半个小时队，节假日真是绝了。这么说呢，菜量真的足了，我们觉得最惊喜的是「辣椒炒肉」不是很辣而且里面有四季豆怪香的，「外婆红烧肉」不是很惊喜，没见到桂花，也没达到入口即化不油腻的程度，有点辜负期待吧；青菜不功不过，「湖北传统藕汤」可能是我比较不习惯胡椒感觉一般。但是环境确实很好，吃个饭顺便休息休息挺好的。,0
这家的味道还蛮不错的嘞，我们是听别人说武汉这边有一家湖北菜，就这家做的很好吃，然后我们就过来了，我们还从外地过来的点了很多菜品，感觉味道是跟朋友说的是一样的，很好吃，汤也非常好喝，浓浓的汤粉也我也是非常粉末。他们家那个牛三鲜很好吃，很有嚼劲，麻麻的，辣辣的口感还蛮好的。,0
服务员全程帮写评价，评价全部都是假的，服务员帮忙写评价送水果，好评就送酸奶，菜品太贵了，量非常小，不建议来,0
这一家的湖北菜我比较爱吃，今天是跟朋友一起过来的，我们单点了很多菜品，有跳跳虾，妹妹滑油筒骨藕汤，还有青椒丝，说感觉跳跳虾美美蛙，味道还不错，虾比较鲜嫩可口，而且青菜也比较爽口，绿油油的看着就非常有食欲，藕汤也非常好喝，用的九孔藕,0
一个老汉口人选择在端午节假日期间来江汉路吃湖北菜本就是我的错。 但是这家4.6分还排队的湖北菜实在是让人失望。 筒子骨藕汤的肉像是没解冻就下锅的，藕是没煮粉的，汤是不浓香的。 珍珠圆子的米没裹饱满 糖醋排骨用的是超大骨头的碎排骨而不是直排 唯一好吃的就是凉拌皮蛋 外地人想来就来吧，本地人就别吃了,0
味道不错，经常过来这边吃饭，今天是带朋友一起过来的电脑，很多菜品朋友都说很好吃，他们家的环境特别好，我朋友很喜欢说古色古典的非常干净舒适，而且服务也是很好的，随叫随到的那种比较热情，菜品口味都还蛮好吃的，跳跳香美美超级好吃，我爱吃吃的菜，然后他们家的藕他也非常好喝,0
江汉路人太多，随便在m➕找了家吃。点了四个菜感觉只有皮蛋味道还行，但是也不是新鲜皮蛋。藕汤做的完全没有香味也是厉害，外地朋友真不如去喝来菜最夸张就是这个排骨，一块直排都没有这么大块的肉柴的跟冻了几个月一样豆腐丸子：不如去吃胡锦,0
哈哈，两个重口味出差搭子的日常  住在附近，看见这个必吃榜，套餐里面没有特别想吃就单点  招牌的鱼不错，口味调的很好，就是这个品种的鱼刺比较多，哈哈  臭干子肥肠很好吃，爱肥肠爱臭豆腐的人一定要点，很下饭停不下来 腰花，以为是炒的没想到是拌的，但一点也不影响好吃，没有任何不该有的味道，处理的不错  外地人想学本地人嗦田螺，但并不行，还是得用牙签，哈哈，但是田螺确实有点咸了～  总体来说不错，街边大排挡，很有本地感,0
🏠位置：湖北省武汉市江汉区民生路153号一层(江汉路地铁站G口步行380米)  [服务铃]服务：服务真的很到位！服务员热情周到，笑容满面让人感觉在家里一样温馨😲从点餐到上菜，每一步都让人感到很舒服😌  🍬菜品：每一道菜都色香味俱全，口感鲜美，让人忍不住多吃几口🤤而且这里菜品丰富，多数是辣菜爱吃辣的速冲啊！！！  🌹性价比：物超所值，值得一试！这家店绝对不要错过！🌝🌚,0
[薄荷]环境: 墙上是手绘的，年代感十足，环境也比较干净整洁  [服务铃]服务: 用餐前小姐姐会问忌口很贴心，结账出了点小插曲工作人员态度也很柔和迅速解决问题 「干锅基围虾」很入味虾皮煮的也不干，味道刚好，虾肉新鲜口感很Q 「干煸莲藕丝下酒菜」藕丝很脆，咸淡均匀，色泽很有食欲 菠萝肉带着一点脆脆的感觉，酸酸甜甜口味蛮好 肥肠烧干子也不错，肥肠处理的很好没有异味，干子里面很嫩也很入味 牛油和其他烧烤小串烤的也很好，没烤焦牛油香味也很足，总体来说真的超级棒，下次还会光顾,0
位置很好找，就在路边，跟着导航走就对了。 饭点过去的，生意很好，我一进去就有服务员招呼。 三个菜都没有踩雷，份量巨多，牛肉好扎实，鱼也是现杀的，很新鲜，辣度刚刚好。绿豆汤也不会过分甜，唯一不足的是泡菜苕粉肉丝里面花椒味过重。不过瑕不掩瑜，这个价格老板简直良心。,0
一家开了没多久的大排档两层楼中规中矩想试试武汉菜系的可以试一下，牛肉份量挺多的比一般大排档舍得给肉一些，烧烤没有很惊艳，牛油还行有股奶香味，腰子要趁热吃，小黄鱼味道还可以有小时候的那种味道，品类还算多，位置挺好找，沿着民众乐园右手边一直走就能到，想吃烧烤又想吃湖北菜的这家店可以试试，基本不怎么会踩雷！,0
[薄荷]环境: 店面不大，有两层，还有包房 我们晚上十点差不多到的，还有很多人在用餐  [服务铃]服务: 服务员小姐姐很不错，我们点餐原本还想点，但是她都很友好提醒，再多你们吃不完啦，份量很多 「汉派河渡武昌鱼」推荐，泡椒味不重，但是配鱼很好吃，鱼没有腥味，还很嫩，推荐 「蟹黄热干面」汤汁浓郁，蟹脚很大，味道好，一份很多，根本吃不完 鸡爪很好吃，忘了菜名，脱骨的，糯叽叽的，推荐，我们吃完了的，一个没剩下 「铫子藕汤」藕汤很鲜，藕很面，拉丝 就餐根据自己情况定，我们三个人，感觉菜多了，吃不完,0
武汉🌟一家超爱的苍蝇馆子❗️❗️❗️ 在武汉吃的第一顿餐馆啦，没有让我失望，果然旅游吃还是得吃苍蝇馆子 我们两个人一共点了四个菜，感觉他家的量还是挺足的，我们直接吃到撑 「蟹黄热干面」推荐：🌟🌟🌟🌟🌟 超级无敌巨好吃，蟹黄加上武汉特色热干面，一口下去真的超级幸福 「汉派河渡武昌鱼」推荐：🌟🌟🌟🌟 来武汉怎么能不尝尝武昌鱼呢～可惜我不会吐刺！！ 「干锅手撕鸡」推荐：🌟🌟🌟🌟🌟 好像是奥尔良口味的！也超级超级好吃，点它绝对不会出错啦 还有一道素菜🌱忘记叫啥了，好像是糊糊（具体什么菜忘记了）反正超大一碗而且巨管饱，我的评价是慎点❗️  这家尊嘟挺不错，来武汉不知道吃啥可以来尝试,0
去武汉玩，大众上面跟着必吃榜去的，这家环境属实非常一般，进去感觉还有些后悔，中午去的没啥人。可是后面菜品确实有让我们满意到 「汉派河渡武昌鱼」非常嫩，而且很入味，真的很好吃 「招牌莲藕汤」分量很足，很好喝，入味，材料很多 点的几个菜分量都很足，味道很好，十分下饭，吃的很满意。关键价格真的实惠。可以冲,0
这家店的位置非常好找，就在路边，招牌很显眼。坐地铁过来很方便，下地铁走5分钟即到。 直播间团了个套餐，都是我爱吃的菜，「汉派河渡武昌鱼」好大一条，吃的出来是现杀的，调味也刚好，不会夺了鱼的鲜味。香菜牛肉:这家的牛肉跟好嚼，一点都不老，不会塞牙，里面的花生米也是嘎嘣脆。「苕粉炒肉丝」也炒的蛮好，简直就是干饭神器。总之是非常的满意一餐，店里的服务员都是很灵光的小姑娘，能干的很！,0
又是想力推的一家武汉下饭菜管子 民生路万达和大洋背后 附近商场停车步行即可 地铁2/6号直达 「铫子藕汤」「雪菜小黄鱼」臭干子烧肥肠酸辣藕带 午餐时间去的坐满了 点了几个平时爱吃的菜 分量扎实食材新鲜 上菜也都很及时 虽然天气热但今天也是蛮想搞藕汤泡饭 藕夹生的蛮好汤也很浓稠👏,0
非常可以的一个小店周末晚上去需要排队来武汉了不能不吃本地菜藕汤和武昌鱼都是湖北特色本来带着猎奇的心理但是非常适合我这个东北人口味藕汤特别香平时不喝汤的我喝了两三碗武昌鱼也很新鲜剁椒酸辣口一点腥味都没有炒青菜中规中矩阿姨服务很好虽然忙但是很热情,0
这是地道湖北菜的大排档，既然是大排档口味那是没得说，就是环境相对那些酒店有点差，但是烟火气息浓郁，服务还是不错 「汉派河渡武昌鱼」武昌鱼武汉当地的特色美食，推荐的特色菜，鱼肉细腻，鲜辣适中，非常棒 「干锅牛蛙」牛蛙鲜嫩，麻辣适中，配料也非常的足， 「鱿鱼拼盘鸡」鱿鱼的海鲜味，鸡肉的鲜味，两种搭配，一锅吃两样，性价比非常高 「蟹黄热干面」蟹黄热干面，武汉热干面的加强版，汤鲜味美，值得推荐 「招牌莲藕汤」也是一道特色菜，莲藕非常好吃，软糯香甜，吃起甜蜜蜜的,0
憨老三，我问你：你的店，在哪里？ 民生路，花楼街，小时候，玩大的！ 「汉派河渡武昌鱼」个头大，肉质嫩，敢用剁椒来蒸，鱼就两个字：“新鲜”！ 「馓子拌牛肉」香菜花生米，麻辣又下酒。 「苕粉炒肉丝」好吃下饭。 套餐附带冰镇绿豆汤和菊花茶，不要太丰盛！,0
实在不知道咋上的必吃榜？？ 打卡必吃榜第一家店就进了坑 店子不大，停车要去斜对面，门口要贴条 「姜辣凤爪」 很普通，武汉80%的餐馆都做的出来吧，不软糯，不入味，辣味也不够 「干锅牛蛙」 分量少的可怜，很多牛蛙看着像青蛙？ 很瘦，而且小锅端起来有糊味？ 「汉派河渡武昌鱼」 刺很多味道很一般的武昌鱼🐟，好像还是店里招牌？？？  实在无法形容 带着满心欢喜哦 最后去隔壁买了几个小包子 没想到是全场最佳,0
这家店在大众点评好评还挺多的，我们过来旅游想吃一点本地特色，所以决定来打卡一次 点了一个招牌「汉派河渡武昌鱼」鱼肉很细嫩，口味是剁椒口味的，鱼吃起来没有异味，还挺好吃 「干煸莲藕丝下酒菜」点了个藕条，第一次听说还有干煸的藕条，吃起来脆脆的，上面洒的有芝麻，很香 「手撕包菜」这个就是普普通通，无功无过吧,0
河渡武昌鱼，酸辣爽口，葱香味浓，肉质软嫩，不过要注意下小刺，别卡住了。 蟹脚热干面，每一根热干面都是那么的好吃，大口嗦面。 姜辣凤爪，又嫩又糯又软，入口脱骨，每次来必点的回头菜，每一口回味无穷，让人上瘾。 服务这块在这个价位，算是很不错了。 大排档嘛，环境这家算中上吧，我也不追求这个。,0
终于喝上了原汁原味的莲藕排骨汤❗️ 武汉夜生活好丰富，江汉路人超级多，大排档感觉很好[点赞] 「汉派河渡武昌鱼」除了刺多，味道确实不错，新鲜的武昌鱼比以前买的真空包装的好吃多了。 小龙虾店员给了好多手套，一手套两只完全够用，手不会沾上油。,0
憨老三·湖北菜大排档，一家让人回味无穷的餐厅。  🌶️菜品地道：湖北菜的特色被展现得淋漓尽致，每一道菜都带着浓郁的地方风味。  口味绝佳：味道十分正宗，辣而不燥，香而不腻，让人食欲大增。  🥢食材新鲜：能吃得出食材的新鲜度，品质有保障。  💁‍♀️服务热情：服务员态度亲切，热情周到，让人感觉格外舒适。  🌴环境接地气：大排档的氛围轻松自在，适合亲朋好友聚餐。  💰性价比高：价格实惠，物超所值。  总之，憨老三·湖北菜大排档是一家非常不错的餐厅，无论是湖北本地人还是外地游客，都值得一试。,0
下着小雨，刚好在附近跟朋友一起逛街，看到他们家了，就在线上买了一个套餐，非常实惠，分量也还可以，额外的点了点烧烤，菜品口感总体来说还不错。 [薄荷]环境: 街边店环境一般般，看起来有些陈旧 [服务铃]服务: 上菜速度有待提升，有上错菜的情况。 「汉派河渡武昌鱼」鱼的味道很好，盘子很大看起来分量很足，汤汁也很下饭。 「铫子藕汤」藕汤也还可以。,0
是真的很好吃，难怪晚上门口大排长龙，吃得我好满意，开心，腰花就是满满一盘，嫩、爽~猪蹄也烧得软烂入味，苕粉肉丝也鲜香，太好吃了，下次还要来试试其他排名靠前的菜，据说很多外地人来武汉都会来打卡，果然味道不错，吃货表示吃得很开心,0
这家店是在大众点评首页推荐的，当时去了之后排队的人还挺多的，果不其然还是非常的满意，而且这是去武汉吃的第一顿，让我对武汉的印象明显加分  [薄荷]环境： 总的来说环境就是那种家庭小馆的感觉没有很华丽的装饰，不过整体来说还是干净整洁的。  [服务铃]服务： 整体服务态度还是挺热情的，在门口等的时候也告诉我们大概需要等多久。上菜也非常的快，服务态度总的来说非常不错。  「铫子藕汤」都说武汉的藕非常的出名，我个人不太喜欢吃面藕，我喜欢吃脆藕，不过这个汤味道还是很不错，但是好像加了胡椒的 「蟹黄热干面」这个真的太好吃了，特别是他的面非常的劲道，而且是那种粗的面，我个人非常喜欢吃比较粗一点的面，而且非常的入味，分量也很足。 「泡藕带炒鸡杂」这个菜，大家一定要去尝试一下，我从来没有吃过泡藕，特别的脆，而且鸡杂泡椒的味道非常足。  这家店非常的不错，而且性价比也很高，不是那种特别贵的店，关键是味道还不错，大家去了之后一定要去尝试一下。,0
好吃的大排档[点赞]炒菜好好吃呀 一开始就是被菠萝咕咾肉种草的！菠萝甜甜的，咕咾肉就是糖醋的～能想象到的味道吧 干锅小土豆🥔就是跟小时候吃的路边的小土豆一样！糯糯的！很入味！ 干锅手撕鸡居然是奥尔良烤鸡！？这是没有想到的🤣🤣🤣第一次吃这样的干锅手撕鸡。在印象里一般这道菜都是微微香辣的然后干煸的鸡丝有一丢丢甜那种🧐这样感觉也还可以 干锅花菜蛮好吃的不夹生又入味🉑,0
到武汉的第一顿，找个湖北菜打卡，大晚上过去人还是挺多的，主要看评价好  说实话，真的是挺一般的小馆子，能代表湖北菜。。花甲空壳多，口味儿无功无过，牛蛙入味儿还可，这个倒头藕汤，真的是一言难尽，而且大晚上阿姨服务态度还挺差,0
武汉出差，最后一晚自由活动， 市区逛逛，顺带必吃榜一下～  但是味道并不是很理想， 藕条虽然好吃但200%是半成品～ 其实我想说，这个半成品挺好吃的，整顿饭味道最佳～ 爱吃的小伙伴可以淘宝（都是湖北的厂家发货），空气炸锅一下～  武昌鱼正常水平～ 排骨藕汤是这几天喝到最普通的～ 油麦菜量很足～  总体不推荐～,0
出差武汉，看到网上评价还可以就去这家吃了武昌鱼，食材配制的很丰富，店家还蛮用心的，看到我们点了武昌鱼和藕汤，立马给我们推荐了美团套餐，不但给我们省了30几块钱，还送了一个炒时蔬，提别有老板风范，给老板点个大大的赞赞 食材新鲜，口味比较地道，价格亲民，旅游的朋友可以去尝尝，包你满意，性价比高，值得推荐。,0
上次聚餐去过一次，还不错吧，没特色,0
[服务铃]服务： 超级超级好，外面下了很小很小的雨，门口招呼人的大哥立马叫人把凳子搬进去让大家赶紧进去等位，然后服务员小姐姐还给我们仔仔细细擦好才让我们坐下[点赞]上菜很快，然后这种情况下还会主动看点单催菜，比我们还着急哈哈哈 「姜辣凤爪」「汉派河渡武昌鱼」「铫子藕汤」「蟹黄热干面」 点了四个招牌菜，都很好吃！一个都没踩雷，疯狂推荐，就是鱼刺实在是太多了考验耐心热干面里的蟹腿也很肥，数量也多，总之很推荐,0
菜全是甜口的，没有一丁点辣味， 生意非常好，想必是很符合湖北口味。 手撕鸡的味道和新奥尔良烤鸡的味道一模一样， 干煸藕条就是藕包裹淀粉先油炸，再炒，放了白糖、花椒、干红椒，但是没有一丁点辣味，非常甜。分量多，管饱。,0
这次来武汉吃的第一餐午餐，他们家也比较有名，中午人多， [薄荷]环境：还行，有点紧凑！  [服务铃]服务：还可以呢！  菜品🥬：武昌鱼做的很好吃，炒的那些蔬菜什么的都不错，莲藕排骨汤汤汁比较浓，喝了不少碗；下次晚上下来吃他们家的小龙虾。,0
[服务铃]服务： 这家老板还蛮贴心，因为排队人比较多，会送饮料安慰大家。夏天天气热，还额外发了每人一大杯冰绿豆汤和几块西瓜。而且送了也什么都没说，没有提任何要求。大家不想等太久的可以提前取号呦。  这个套餐很划算，菜都很大份尤其是鱼很大一条。 凉拌牛肉蛮入味的，很香 酸菜粉丝肉沫炒的很开胃下饭,0
味道还不错吧，性价比一般般，没有选择的时候可以试试,0
「虾仁」「鸟贝」「蟹钳」好吃到停不下来,0
味道还不错，蟹钳跟光头卤的是一样的，但是比光头卤分量多些，老板说他屋里的好吃些，我吃觉得差不多的东西，鱿鱼肉还可以，在武汉还没吃过，总体来说他们屋里所有东西味道都是一样滴，就看你想吃么内容了，我觉得口口是肉不用吐壳子的鱿鱼肉最深得我心,0
这家楚汉麻小店铺在汉口江汉路步行街一食万巷美食广场里面，往里面走一会儿就可以看到。 店铺里面主要销售各种美味的小海鲜罐头🥫，这里的海鲜品种很丰富，包括鱿鱼🦑，鲍鱼，田螺，八爪鱼🐙，扇贝，乌鱼仔，蛤蜊，虾仁🍤等等。 小海鲜处理得比较干净，味道咸鲜带微辣。,0
老板和店员们都非常热情，价格优惠价格实惠服务非常的好，非常好好评！味道超赞，而且一看就让人觉得很有食欲，菜品都很新鲜，味道咸淡适中，上菜速度非常快。美味的食材王莽只需要最朴素的烹饪方式，以及最平常的餐盘这家店的食物真的非常好吃。这家店有被惊艳到，地方挺大，地段也不错，从摆盘到食材口感都超赞,0
口味： 味道不错，肉也很新鲜，主食免费不限量也好吃，南瓜粥也甜甜的好喝，五花肉烤的外焦里嫩非常好吃。 服务： 服务员态度非常好，还帮烤，我们坐着等吃就行了。 环境： 环境很干净很好，光线也不错很适合拍照。 街道口的玖段烤肉真的推荐！！！,0
玖段烤肉的环境氛围感十足，很有韩式风格。烤肉也十分美味，除此之外，店里还提供代烤肉服务，工作人员服务态度良好，热情周到。店里还有免费续的活动，性价比超级高!!^⌯𖥦⌯^੭!! 总而言之，玖段烤肉店是一家非常值得推荐的餐厅，下次还会带朋友们一起来吃(◍•ᴗ•◍),0
刚好昨天直播买了个套餐，79四个肉肉，主食小菜生菜都无限续，这个价位和味道我觉得武汉没有比它性价比更高的烤肉了，本穷人真的很讨厌烤肉店续生菜要加钱。肉都是正常水平，在我标准里和现在是久藏差不多甚至要好一点（自从久藏开始频繁五折真的有点变难吃，而且上次去悦心汇的久藏总感觉吃到了合成肉），最重要的是猪没有猪骚味！我对猪的味道巨敏感，这家店我第一次吃的时候猪颈肉还会有点味道，但这次吃就完全没有。主食味道就是商圈负一楼的店的水平，但是小菜好吃！那个玉米沙拉我续了三次，然后拿来拌饭好幸福，我和男朋友直接吃了五份主食，上班太疲惫了就低头认真干饭，南瓜粥也好喝，辣白菜不好吃，凉拌鱼豆腐条还行。不过米酒难喝，香精味很重很甜。,0
第三次来玖段烤肉了，前两次是朋友请我，这次是我请远道而来的闺蜜，给她接风！他家服务态度很好还帮忙烤肉，耐心解答顾客的问题，鲜梅花芯肉，果味牛肋条，秘制猪🐷颈肉，生菜，韩国拌饭，韩国拉面，小菜，爆品南瓜🎃粥都可以无限续，饱食一餐，我和闺蜜都非常满意，下次有机会再来！,0
[薄荷]环境： 在乐天城的一楼下地铁之后，走过来很近的天成，虽然在修，但是他在比较靠里面的地方  [服务铃]服务： 烤肉的话，服务员可以帮你考这里最有特色的是厚切猪肉，但是这个需要烤25分钟，如果是肚子饿的话，建议先烤熟的快一些 这里最大的特色，应该就是主食，可以无限量的添加，比如说牛肉饭还有煮的拉面，建议不要先吃，待会儿肉就没有肚子吃了,0
📍位置： 乐天城一楼最里面  [薄荷]环境： 韩式烤肉店的风格，BGM都是熟悉的韩剧  [服务铃]服务： 第一次点上菜很快，后面再加菜就比较慢了 但是感觉服务员并没有听顾客说话，也许是音乐+炉子声音太大没听见，和服务员反应我的干碟里有根头发，她微笑然后给我补上了其他料然后就没有然后了……  「爆品南瓜粥」粥好像没有其他同类店的好喝，感觉差一点甜味，南瓜味也不够重 「酱料小菜」除了有头发的那个干碟没尝，其他两个味道都不错，韩式风味 「照烧鸡」鸡腿很嫩，确实是小朋友会喜欢的味道～ 「原切上脑牛排（三倍厚）」套餐里最贵的一个肉，可能因为把黄油撤了所以没那么香，肉质还是不错的 「地道香肠」超好吃的这个肠！打卡可以送，所以套餐不用再选啦，如果没有肠衣就好了  小菜主食无限续，基本可以管饱，肉肉看情况点就可以啦  希望下次注意一点卫生吧 或者把音乐声音调小一点不要影响沟通,0
味道不错，环境良好，推荐下次再来这家店有被惊艳到，地方挺大，地段也不错，从摆盘到食材口感都超预期！味道超赞，而且一看就让人觉得很有食欲，但是分量不大。属于比较精致的类型，胜在菜品也很新鲜，味道咸淡适中，而且火候掌握的刚好，上菜速度快真心很不错，色泽比较好，而且价格实惠，服务周到，好评！下次还有,0
[薄荷]环境： 在乐天城里面，环境很好呀！蛮安逸的！！油烟系统很好呀！闻不到油烟味！装修风格不错，这家餐厅环境卫生，服务周到，值得一试! [服务铃]服务： 会主动提及帮忙烤肉，烤肉超级好吃呀，肉质很新鲜，服务很好！性价比特高，还会再来！玖段烤肉真的很惊艳，免费的菜品（感觉也很管饱）也很惊艳！南瓜粥很不错诶！玉米粒超好吃！！！好喜欢呀！！！,0
1.位置: 地铁二号线或八号线街道口站b口出，出口旁边的乐天城大门进去直走，走到头就是，非常好找。  2.环境: 店内装修比较容易让人产生亲切感，虽然是第二次去，每一次到店都能有不同的感觉。很让人感觉放松和舒适。  3.口味: 尝试的樱花季新品。樱花味特制米酒，非常好喝，粉红色的，味道蕴含着一点樱花味。这次五花肉没有吃完，实在是吃撑了。小烤肠还是这么好吃，非常赞。味道略甜，略咸，适中。果木味牛肋我以为是很大的肋条，结果端上来了是切的较小的，不过看起来质量非常好，挺赞的。 最赞的是，他家的和牛饭可以无限加，味道也嘎嘎好。我很少这么夸一家店，他家是值得的。  4.总结: 80的价格，猛猛冲，没有几家同价位甚至高点价位的韩国烤肉店能和他家比。他家服务员也好，老板也好，人也都非常好。服务态度绝对到位。非饭点去不需要等，饭店去可能需要稍微等一等。第一次去的时候上菜比较慢，这次去了发现上菜速度都变快了。只能说，猛猛冲吧。准备过段时间三刷。 #天天领红包#0元玩转这座城,0
不知道为什么装修有一种苍蝇馆子的拥挤感，适合解馋不适合约会。买的套餐很划算，肉很好!酱之类的也很正宗～除了烤肉，猪排饭和火鸡面之类的都是自助点餐无限续，然后后厨送上来。味道一般般预制菜的感觉。一百以下的价格很优惠还蛮合适的，但不是这种价的话不会再去了～,0
真的很喜欢他们家烤肉，有好几种调味，真的很不错，而且价格挺好的，性价比很高，都挺好吃的，烤肉滋滋发出声响，一滴热油顺着饱满的肉的纹路慢慢滑下，令人心醉。细细的嗅，慢慢的闻，馋虫迅速被勾起。终于忍不住，顾不得烫，一咬就是一大口，哇！感觉和别的烤肉比起来，它有一种特殊的香味，一定是与众不同的烤肉调料所造成的因为实在是太好吃了，我觉得非常的值得，因为它的口感胜过了一切,0
口味 拉面味道有点淡，上次过来吃还是很辣的 五花肉很好吃，推荐香肠和南瓜粥 服务 服务人员全程帮忙烤肉 会主动加蔬菜和南瓜粥 环境 干净卫生，音乐也很好听 位置 在一楼走到头最后面,0
主食不限量肉质鲜美小菜可口 菜品丰富，口味绝佳，每次回味无穷。 包装精美，食物热腾腾，服务周到满意。 外卖小哥准时送达，态度友好，非常感谢。 食物新鲜美味，性价比高，绝对物超所值。 份量足够大，吃得很饱，非常满意的一餐。 服务细心周到，经常沟通确认订单，很贴心。 招牌菜每次都点，从未失望，味道一流。 价格实惠合理，外卖品质高，超值享受。 配送速度快，确保食物热度，非常负责任。 干净卫生，放心食用，味道好极了,0
[薄荷]环境： 位置在乐天城比较里面，装修风格很像韩式烤肉店的。  [服务铃]服务： 很好，小姐姐帮忙烤肉。赠送的小菜可以再加，还送一碗拉面。 「爆品南瓜粥」这个好像也是送的？很甜。「玉米沙拉」这个也是送的小菜。可以加。「和牛板腱」不知道点的都是啥肉了，但都蛮好吃的，比较喜欢的是一种块小的牛肉。,0
[薄荷]环境: 店面很有韩式风格，在乐天城一楼，很适合聚餐 [服务铃]服务: 服务态度很好，可以帮烤，很省事，打卡还可以送饮品 套餐的性价比很高，很多肉，吃得很满足，主食是无限续加的，很有特色（真心管饱） 很爱南瓜粥和小菜里的玉米沙拉，值得一试,0
进门装修很韩式，再说服务，还可以，进门会给你上小菜，我觉得全场最佳就是那个小菜，洋葱炒豆干，有免费的南瓜粥，烤肉蘸料也还不错，菜品量可能有点少了，点了300块钱的东西，虽然说是牛肉，还是有点贵，牛五花有点肥，不建议，牛小排还可以。主食都免费，面条还可以，米饭一般般。总体来说价格小贵，建议去吃的话，不要点太贵的牛肉。除此之外，炸鸡千万不要点，不好吃！！！除了肉类之外的，小吃都不建议点。,0
这家的牛上脑简直是一道佳肴，口感鲜嫩，奶香味浓郁，每一口都仿佛在舌尖上跳舞。特别是那道肥牛饭，不仅味道鲜美，还提供无限续碗的服务，让人尽情享受美食的乐趣。 南瓜粥也是这家餐厅的一大亮点。它口感细腻，甜度适中，每一口都能感受到南瓜的醇厚与香甜。此外，餐厅的小配菜也同样美味可口 各种小甜品小吃也特别的美味,0
[服务铃]服务: 每桌都有帮烤，五一的时候人也不是很多 送的南瓜粥好好喝，店员小哥小姐姐都挺好的。 「玖段招牌厚切五花肉」五花肉应该是冻肉解冻的，口感比新鲜的要差一点。不过价格也比较划算，适合胃口大手头紧的大学生。 「IBP雪花肥牛」肥牛也好好吃 「石锅拌饭」好像饭是免费的，但是套餐东西太多了吃饱了没吃下饭。  总体来说，肉的品种不算特别棒，有一部分冻肉和疑似非原切肉。不过价格很划算，服务也挺棒的，适合学生党打牙祭。,0
第n次来这家吃烤肉了。 感觉体验越来越不好，可能是客人越来越多了吧。我们是上周六去吃的，当时才五点钟，人没有很多。虽然跟上次一样过了号，但这次店里空位多，因此我们有了机会去吃。 那天晚上吃饭有两处特别不满意的点：第一处是店里明明有更好的位置，但是店家非要把我们安排在门口（我们主动拒绝了），紧接着把我们安排在了很角落（堆满了饮料瓶的壁橱）；第二处是，我们明确提出希望有个人帮忙烤下五花（其他的食材都是我们自己烤的），喊了几次，终于有个男服务员来了，结果只是把肉剪成两半，接着就再也没回来过。我们让服务员烤，是因为最开始来吃这家，他们的烤五花技术很好，烤出来不油又不柴，很满意。结果这次体验感真的超级差！,0
环境 干净卫生，音乐也非常有氛围感，很适合跟朋友一起吃饭 位置 乐天城一楼最里面的，离地铁和奶茶店都比较近，特别方便 口味 烤肉好好吃，喜欢五花肉和鸡腿肉,0
口味 口味独特肉质烤的外焦里嫩，菜品布置也很精美，招牌五花肉必点，主食也免费不限量。 环境 和朋友一起来的很适合聚餐 服务 服务态度很好帮烤跟朋友坐等吃就行了 街道口的玖段非常推荐来！！,0
又又又来吃玖段烤肉了。位于街道口乐天城一楼最里面，服务热情又恰到好处，如果需要的话，可以全程代烤。 一就坐就会送上小菜和南瓜粥。这次点的各种肉类没有踩雷，生菜、小料、主食无限续也依旧爽爽的。 唯一的遗憾就是可选择的蔬菜比较少，建议增加些蔬菜品种。,0
位置：位于街道口地铁附近，乐天城一楼。 口味：吃了好多年的店！口味真的很赞！烤肉套餐荤素搭配，而且种类很多，个人偏爱五花肉。活动多多，打卡有礼。拌饭味道很好，份量也ok。蘸料和蘸酱味道很好，可惜这次没有泡菜。提个小建议：蒜片和辣椒圈可以安排上，部分顾客很爱这个搭配。 服务：贴心周到，还帮忙烤肉，提醒火候和最佳食用时间 星级：四颗半星,0
口味不错很喜欢吃，价格也很实惠，环境不错，很喜欢这家店，推荐来。,0
第一次到店，分量很足、服务态度也很好、下次还会再来,0
经常来吃很好吃！！主食不限量超好！,0
第三次来了，真的很好吃，一边吹空调一边吃烤肉不要太爽，服务也很热情，菜品种类多且便宜,0
五花肉烤的焦香四溢，南瓜粥也好喝很甜，环境也不错，服务也很好很喜欢这家店，带孩子来吃点，推荐这家店。,0
味道非常不错的很好吃，喜欢这个拼盘，肉也很新鲜，服务也很好，环境也不错，推荐这家店。,0
菜品非常好肉质非常好服务非常周到下次还会再来,0
排骨五花肉好好吃，烤得不错推荐他们的鸡腿肉和小菜味道都很美味,0
菜品份量足口味好，质量出色，环境不错，服务也很好。,0
烤肉味道很好吃，鸡腿肉很好吃，服务态度非常满意 喜欢他们家的南瓜粥和小菜,0
玉米沙拉味道很不错，他们家招牌厚切五花肉，上脑牛排，雪花肥牛，南瓜粥和三种口味的小菜味道很好,0
服务很好，性价比超高很适合，牛肉很新鲜，环境优雅,0
鸡腿肉很好吃 牛排味道很赞 最喜欢五花肉，烤得焦酥可口 推荐菜是他们家的鸡腿肉和牛排,0
"南瓜粥很不错,推荐他们家新上的这个套餐，喜欢五花肉和鸡腿肉，跟女朋友一起过来吃的，她比较喜欢这家的烤肉酱",0
好吃冲冲冲，服务员会帮烤，可以的，下次还来哈哈哈哈哈哈哈哈哈哈哈哈哈哈哈哈,0
烤肉食物的美味和口感，这家烤肉店的菜肴味道非常棒，每一道菜都精心烹制，口感绝佳，位置在乐天城一楼最里面的那家烤肉店，喜欢五花肉和鸡腿肉,0
南瓜粥味道很浓稠可口，服务态度热情周到，环境干净卫生，整洁舒适，烤肉也特别美味，这次跟朋友一起来这边玩，很好吃，下次还会跟朋友一起过来吃的,0
烤肉味道非常不错，推荐他们家的五花肉和鸡腿肉还有牛排，我和朋友过来吃的，简直是大学生的福利店，大家都可以过来尝试一下,0
食材很新鲜，服务也很好，可以帮我们看有没有烤好🏻,0
味道不错鸡翅很好吃已经吃过两次牛肉种类很多不错不错,0
量大好吃，主食可以免费续，味道也很好，南瓜粥也很好吃,0
好评，非常好，这里的饭菜非常美味。食材新鲜，烹饪手法精湛，口味独特，让人回味无穷。环境优雅舒适，服务员态度亲切，让人感觉宾至如归。我会强烈推荐给我的朋友们。,0
很好吃！南瓜粥很好喝，还有免费的主食,0
环境很好，服务也很好～很适合和朋友一起来吃。,0
南瓜粥很好喝，两个女生吃分量很足，无限续的生菜简直是生菜爱好者的天堂！good！,0
味道好，上菜快，服务热情，等待时间短。,0
味道好，上菜快，等待时间少，服务热情,0
非常好很实惠也很好吃不知道为什么吃的人不多,0
哈哈哈，非常好吃，这个南瓜汁好喝得很。,0
菜品很好很喜欢味道不错肉看着就新鲜烤出来也很嫩很喜欢吃，服务很好，是家宝藏店，推荐来。,0
环境很不错的，味道也是可以的，肉很新鲜，非常推荐来。,0
味道非常可以肉很新鲜很喜欢吃，这个店非常适合聚餐，环境也很好干干净净，服务态度也很好，很喜欢这家店，很推荐！,0
服务员热情有礼貌，注重细节，，提供不同的烤肉方法，询问是否有其他服务需求。 价格合理，与高品质原料相匹配，经常推出优惠活动，品质和价格兼顾。,0
买了套餐阿姨核销之后套餐的肉一直没上，单点的鸡爪主食啥的都上了也没来，期间隔壁桌后来的肉都上了我们的也没来，整个过程中服务员不知道干嘛的，尤其是给我们核销的人，站在旁边看也不知道催，然后实在是忍不了了问那个阿姨说为什么我们一直不上，然后她看了下手机说下单了，就没然后了也没去询问前台也没问后厨，忍无可忍去问前台被告知没下单套餐，这不是搞笑么，券都核销了结果说没下单，然后说给我们加急做，也没体会到是加急，又等了很久，最后吃饱了肉来了🐮,0
口味很好肉很新鲜很嫩，很喜欢这个新出来的拼盘非常推荐，环境也看着不错的，服务真的很好帮忙代烤，坐等吃就行了，很喜欢这家店，非常推荐。,0
口味不错很好吃推荐南瓜粥甜甜的，环境干净很喜欢服务态度很好都是帮烤，非常推荐这家店。,0
这家饭店的菜品真的很棒，每一种食材都很新鲜，口感非常好，让人吃得放心又开心。,0
味道不错服务态度很好，吃完东西他们主动加根本不需要自己动手非常好，南瓜粥很推荐，很喜欢这家店。,0
[薄荷]环境： 非常好 [服务铃]服务： 非常好特别好吃服务也很好，特别适合朋友一起来吃，强烈推荐推荐！！！,0
口味不错服务也好很喜欢吃很推荐。,0
口味不错服务态度非常好主动加小菜蘸料什么的根本不需要自己动手，南瓜粥很好喝很喜欢，非常推荐,0
服务很好，菜品上的也很快，服务员很好,0
食物味道不错，店内环境优雅，体验很棒,0
环境挺好的，服务员也一直在加调料和生菜，菜品性价比高,0
环境挺好的，服务员服务员很热情菜品性价比很高。,0
味道很好。菜很新鲜，南瓜汤免费，主食免费。喜欢，推荐,0
口味不错服务态度很好环境也干干净净很喜欢来吃非常推荐,0
味道很不错啊，经常来，价格也很实惠，快来吃,0
这个菜品很丰富，很好吃，服务态度也很好棒棒棒,0
餐厅环境很不错，肉质很好，很推荐,0
味道不错这个新出来的套餐拼盘很好看也很好吃，服务态度真的很好，帮代烤而且加什么东西都很主动不需要自己起身，环境也很不错，歌真的很好听很舒服，真的很推荐街道口玖段烤肉！,0
服务员很热情，店里菜品也很新鲜，点的拌饭的南瓜粥都很不错～,0
当天去的时候店里人还挺多的，再外面稍微等了优惠就安排我们入座了，服务员很热情的推荐哪种口味的更好吃一些，上菜也很快，服务员也会询问需不需要帮忙烤肉，烤肉技术很好，还会贴心的提醒我们及时吃，记得翻面，点的🥩和拌饭味道都很不错，也很新鲜～,0
很好吃的烤肉店，超级划算。干净又卫生。,0
真的很好吃，然后拌面啊，都是免费的，还会有专人来帮你考，一直站在旁边帮你考，就是星期六星期日有点太忙了，顾不上帮你考。但平时还是挺好的，然后呢，感觉肉都还可以吧，无功无过就猪颈肉就很好吃，很有嚼劲之类的,0
来了好几次啦一个人吃也很快乐服务员加料换盘子很快,0
服务 服务可以，帮烤这一点最好， 环境 干净看着舒服，那些东西摆放很好看。 味道 味道不错，五花肉外焦里嫩。 非常推荐家庭聚会。,0
非常好，非常好吃，下次一定还会再来，服务也非常热心，希望下回还能来，下回想体验更多的新菜品。,0
这家烤肉店真是太棒了！肉质鲜嫩多汁，烤得恰到好处，香气四溢。服务员态度热情周到，让人倍感舒适。店内环境整洁干净，氛围温馨。无论是朋友聚餐还是家庭聚会，这里都是绝佳的选择。强烈推荐给大家！,0
[薄荷]环境: 这家店感觉比较小，略显得有点拥挤，不过还好  [服务铃]服务: 感觉人多会有点忙不过来，会帮烤肉🥩，可以解放双手 「黑猪排骨五花肉」最爱吃肉了，五花肉烤得滋滋冒油真的好解压啊「玖段招牌厚切五花肉」「和牛上脑牛排」，还有主食是免费不限量的哦,0
菜品非常好吃，环境很好，服务员服务态度很好，南瓜汤可以一直喝,0
这么多年一直吃粗粮人家的饭菜，从来没有不舒服的情况，说明卫生很重要味道。一如既往的好，说明厨师技术一流、价格一直再降，说明老板有实力。凉菜昨天还送了一份说明服务很贴心。每一个都很好吃，吃的太着急忘记拍照了，菜团子特别大，比拳头都大，凉菜很有味道,0
还行，靠性价比，味道记忆不深刻，酱料太普通，我个人感觉店员略显冷漠。,0
店在乐天城一楼，进大门直走到头就到了，很容易找，店内环境很不错，下单后，菜品很快就上上来了，品质都很不错，全程有服务员小姐姐帮烤，烤的很好，有自助的小料和生菜包着吃很解腻。主食是自助的。扫码点单就可以，可以无限续。,0
菜品味道很好，生菜小菜小料无限续，主食也是无限续，环境也很舒服，服务员态度积极，反馈也很快，适合和朋友过来聚餐聊天。,0
味道很好，菜品看起来很精致，尤其是主食进行了升级，味道都很不错。,0
朋友带的来吃的觉得很划算肉质也比较新鲜性价比很高啦！！！！！！,0
烤肉很好吃，小姐姐的服务也很贴心，换烤盘的次数也很勤快，下次还会来啦,0
肉质鲜美，调味恰到好处，服务热情周到，环境雅致舒适，每一口都是幸福的滋味，强烈推荐！,0
非常好非常好，服务员唇钉特别好看，好吃好吃，推荐推荐,0
这家烤肉店非常不错，在街道口地铁出来就是的，不会烤他还帮你烤，服务很到位,0
口味 味道不错带孩子来吃，孩子很喜欢吃这里的主食，免费还不限量。 环境 环境不错卫生搞得很干净。 服务 服务员态度不错，帮烤。 值得推荐街道口玖段烤肉,0
跟朋友买了优惠券一起去吃，本来没抱太大希望的，但是意外的很好吃，南瓜糊糊味道很棒，适中，不甜就是最棒的，肉和香肠也好吃，还赠送了米饭和辛拉面，但是辛拉面有点慢导致煮软了，口感一般但是味道是好的，下次还要去吃！！,0
环境 很有韩剧的感觉，他们家的一些小吃也非常不错 跟小孩一起出去，小孩很喜欢他们家的冰淇淋面包 口味 烤肉特别好吃，推荐菜是五花肉和鸡腿肉还有牛排 位置 乐天城一楼最里面,0
非常好吃环境好网络不错真的很好吃不错不错推荐大学生来吃巴适得板,0
口味 味道不吃，肉新鲜，爱吃这里的牛排。 环境 环境还可以看着很舒服，沙发位最好。 服务 服务员态度可以的。 街道口玖段推荐。,0
位置在乐天城一楼非常好找，环境优雅干净，服务员热情周到，最绝的就是菜品了，烤肉肥而不腻，口口留香，牛肉鲜美可口，筋道美味，服务员会贴心为我们烤到最佳风味，量身定制每位用户的独到口味，性价比非常高，值得一试！,0
菜的味道超级好，烤肉小哥也非常热情，总体来说对这家店非常满意，下次还来！,0
还可以很适合学生党去吃可以打折吃的也很饱,0
体验是真心不错，每道菜的分量都挺多的，而且点的菜都没有踩雷，服务员每次上菜都会很贴心的介绍菜品性价比很高，菜品量足，味道也好，已经想好下次来要点什么了用餐很愉快，服务员很热情纸巾，餐具，卫生处处都很有细节蛮用心的一家餐厅，菜品用的食材都很好，菜系也很丰富服务员的介绍很仔细对待客人很热情他们家的拌饭真的可以试一试一口下去非常好吃快来品尝吧[飞吻R],0
南瓜汤非常正宗，瓜味很浓，烤肉也很新鲜，而且拌饭是不限量的，拼盘对于食量小的人特别友好，可以兼顾的吃到很多种类的肉，推荐哦,0
可以帮烤肉，服务好，菜量也合适，适合几个朋友一起，,0
服务态度好食品美味环境好有拉面可以免费续,0
烤肉很好吃，食材也比较新鲜，性价比高，吃了几年了，服务态度也非常好，希望大家支持他们！,0
偶然走进的烤肉店，特别惊喜，肉和虾都很新鲜，烤完味道特别好，烤肉酱也很喜欢，服务员特别和蔼主动续生菜，免费的南瓜粥和肥牛饭也很好吃,0
这家烤肉店真的性价比超高，第一次团购，感觉肉类非常的新鲜，而且品种丰富，主食和南瓜粥都可以免费续，服务态度都特别好！！推荐推荐还会再来！！,0
口味： 味道非常不错，牛排烤的很嫩，孩子很爱吃， 环境： 干净卫生，看着很舒服。 服务： 服务非常好，服务员态度也非常好。 街道口玖段非常推荐！,0
口味： 味道不错带孩子来吃的孩子很喜欢，菜品新鲜，排盘非常精致。 环境： 环境不错，卫生干净，适合家庭聚餐， 服务： 服务态度好，全程帮烤，自己坐等吃就行了。 非常推荐这家街道口玖段烤肉店！,0
口味很好，价格适中，和朋友聚餐的好去处。而且烤肉的小姐姐很负责，感谢🏻,0
服务员帮烤全程都很耐心也很及时的告诉我们哪些肉可以吃了，猪颈肉超级弹牙根本吃不够。主食很贴心的都给了小份，这样每种口味都可以尝一下，反正是免费不限量的。南瓜粥一如既往的好喝，并且也是免费续。总之就是非常不错！,0
牛肉鲜美各种烤肉味道都很好服务态度很好学生标配下次还来！,0
味道很好，送的东西也多，环境也不错，值得过来试试。,0
环境优美，服务到位，菜品新鲜，味道鲜美，good,0
菜品非常新鲜，环境也很不错。烤肉味道很好，值得一试。店员服务也很周到！,0
菜品好吃，服务周到，好吃好吃好吃好吃😋,0
肉质比较新鲜，服务员烤肉可以因为要兼顾别的桌子，会把肉烤焦,0
在繁忙的街道口乐天城，我发现了一家令人惊喜的烤肉店——玖段烤肉·原切厚牛排。从踏入店门的那一刻起，我就被这里温馨而现代的装修风格所吸引。店内的灯光柔和，营造出一种轻松愉悦的用餐氛围。  服务：服务员们热情周到，从推荐菜品到烤肉技巧的分享，都让人感到宾至如归。他们对食材的了解和对顾客需求的敏锐洞察，让我对这家店的印象分外深刻。  食物：说到食物，这里的原切厚牛排绝对是主角。肉质鲜嫩多汁，每一口都是对味蕾的极致诱惑。烤肉在炭火上烤至完美的焦香，搭配店家特制的酱料，简直是人间美味。  环境：店内环境干净整洁，每张桌子都有足够的空间，让人在享受美食的同时，也能享受到舒适的用餐体验。  总结：玖段烤肉·原切厚牛排（街道口乐天城店）无疑是我近期最满意的用餐体验之一。无论是食物的质量，还是服务的水平，都让我感到十分满意。强烈推荐给喜欢烤肉的朋友们，相信你们也会和我一样，爱上这里的一切。,0
口味： 五花肉很喜欢吃烤的肥而不腻， 环境； 很不错干干净净，看着舒服，歌也喜欢听。 服务； 服务不错，服务员态度都可以。 街道口的玖段,0
味道吃起来很不错，价格非常实惠，特别的优惠。是一家可以多次尝试的烤肉,0
久违返玖段！味道还是一如既往的好，食材很新鲜！服务态度好，最爱的烤肉店,0
口味 不错肉也新鲜跟朋友一起吃很喜欢南瓜粥最喜欢很甜很喜欢 环境 卫生可以的有歌吃着烤肉很喜欢 服务 服务员态度很好帮烤就管吃就行了 街道口玖段烤肉真的很推荐,0
这家烤肉店真是太棒了！肉质鲜嫩多汁，烤得恰到好处，香气四溢。蘸料味道浓郁，让人食欲大增。服务员态度热情周到，整个用餐过程都非常愉快。下次一定还要再来！(☆▽☆),0
新发现的烤肉店，超好吃很惊喜，性价比也很高，全部光盘了，好吃！,0
姐妹们今天跟男友出来玩发现了一家超好吃的烤肉店！好吃到翘jiojio！,0
味道相当不错，菜品健康，在武汉位置相当好的地方,0
在这家店吃过好多次了，带着朋友们也来过好多次！首先这家店的主食有米饭和面条都是韩式的，这些全是免费无线续的，一些南瓜粥和小食生菜也是免费续，整体而言还是比较划算。烤肉的话可以请服务人员帮忙考，服务很到位！,0
口味 推荐五花肉！烤的外焦里嫩非常好吃！牛排也很嫩，主食免费不限量。 环境 环境不错光线很好拍照好看，卫生也很干净 服务 服务态度也很好 非常推荐来,0
烤肉口感不错，烤起来快，分量足！,0
肉类都很新鲜，牛肋条很嫩，五花肉和肥牛也很香，服务很周到，换烤盘很及时，推荐来吃呀哈哈哈哈！！！,0
【烤肉拼盘】烤肉类都非常新鲜，配的酱汁品种也很多，有黄芥末酱烤肉酱之类。两个人吃刚刚好。 【小菜拼盘】有沙拉玉米，泡菜和豆腐干 【主食】有咖喱猪排饭和拉面之类，可以无限续。 饮料品种比较单一，可以多加点饮品品种。,0
食材新鲜，美味烤肉我在这家烤肉店用餐时，对他们的食材非常满意。从肉类到蔬菜，每一样都显得新鲜可口。烤出来的肉质更是口感极佳，鲜嫩多汁，让人回味无穷！南瓜粥的口感让人惊艳，店内服务人员也非常热情周到。这里绝对是一个享受美食的好去处！,0
有人帮忙烤，还有送小饮料，小菜和主食也可以免费加➕不错不错,0
菜量很足，小料小菜无限续很好，服务员态度也很好总之非常推荐,0
环境还不错，排队的人不是很多，适合工作日来吃，非高峰期服务员会帮忙烤肉，体验很好！,0
口味 烤肉味道很不错，有工作人员帮忙烤肉 环境 干净卫生，音乐也非常好听 服务 小姐姐很温柔小哥哥烤肉技术超级好,0
服务态度好，帮忙烤肉。主食免费管饱,0
挺好的，味道不错，服务态度良好，已经第二次来了。,0
价格超级便宜有免费的主食可以选择而且主食打种类也超多 个人比较喜欢那个咖喱猪排和拉面拉面有点微微辣里面还有香肠和鸡蛋完完全全就是韩国那边拉面的味道咖喱猪排饭的话猪排是炸过的咖喱味道很浓很好吃 个人比较喜欢烤肉配白米饭,0
特别好吃，主食免费，非常划算，已经来吃过很多次了，每个月都至少吃一次，最喜欢的是厚切五花肉,0
非常非常非常喜欢！来过好多次啦已经！还会一直支持,0
团购的套餐，没想到品种还蛮多的，还可以帮忙烤，不错。,0
套餐荤素搭配得挺合理的，吃完也不会觉得特别油腻，团购套餐很划算，菜品都很新鲜，无论是肉类还是蔬菜都挺好吃的，他家的炸鸡很好吃，炸的外焦里嫩，强力推荐。服务员也都很热情，会帮忙主动烤肉，就很贴心。店铺环境也OK，体验感不错！,0
位置很好找，服务很不错，菜品很新鲜，套餐价格很便,0
南瓜糊特好喝，主食免费，套餐量大味道也棒，有服务员帮烤，服务态度不错，附近最棒的烤肉店。,0
做完医美去吃服务很好帮烤肉质很一般不太推荐,0
环境不错，菜品新鲜，有特色，味道好，服务也好！,0
第一次来品尝，不错的选择，菜品很丰富，食材很新鲜！,0
南瓜粥好吃，甜甜的，很喜欢。味道很好，下次还会再来的。,0
环境优美，服务特别周到，配套设施特别完善，口味很好，肉质很新鲜，服务员很热情，还会再来的五星推荐，超级棒,0
菜品很多，很丰富，服务也很不错，烤肉好吃，喜欢，上菜速度也很快，南瓜粥好喝，开胃小菜很开胃，好吃爱吃多吃,0
环境好，服务好，味道好，主食可以无限续，不错，下次还来,0
环境很好，就在一楼，服务很好，会帮忙烤肉，干净卫生，下次还来！,0
好吃服务好很便宜下次还会来,0
菜品丰富多样，价格合理，物美价廉，味道很好，餐馆服务很好，服务员热情细心，环境很好，干净整洁，氛围感强。,0
超级好吃味道很好，菜品新鲜，服务员态度很好，帮忙烤肉美味！！！！！！！,0
嘻嘻感觉很不错呀肉看着也很新鲜环境也很不错很大看着非常好而且还可以免费续主食哦这让我非常喜欢就算只吃一份但也很开心啦,0
经常过来，口味和服务都不错,0
口味 不错跟朋友一起来吃很好吃分量很足 环境 挺好看的地方不大不小而且很好找就在街道口一楼最里面 服务态度也好帮代烤 很推荐,0
第一次过来，感觉还蛮好吃的，有人帮忙烤，服务态度还蛮好的,0
服务挺好的全程帮忙烤肉 添小料小菜也很及时 但是肉质真的不怎么样吧 烤肉味道一般 主食免费的都好蛮好吃的,0
上菜速度快，主食免费送很划算，学生有七折优惠哦！大学生快来！,0
离地铁站很近味道不错肉很新鲜服务很到位赞,0
[薄荷]环境: 环境好，安静，装修可以。  [服务铃]服务: 服务态度好，小料上的很快 总体来说不错,0
口味 五花肉很推荐烤的外焦里嫩很好吃南瓜粥也很甜爱喝 服务 服务态度也好帮烤就顾着吃就ok了 环境 非常好很干净带孩子来吃 真心非常非常推荐,0
进来点菜，只上主食，肉差不多有20分钟后才上，烤盘从来不帮忙换，坐在角落里找服务员真的很难找，基本忙前忙后都不理人，体验感很差,0
味道很不错，服务也不错，跟朋友一起来吃很合适,0
口味：很好吃，吃不了辣下单的时候备注一下就不给放芥末了！超级棒！ 价格：超级便宜，甚至来过好几回！ 服务：服务员性格很好，帮忙烤肉也超级贴心！,0
美味，份量很足，吃的很饱，自己烤的也好吃，还有人帮忙烤，真的很推荐了，来这里的话，环境也很不错，服务也到位，各种小福利,0
这家烤肉店真是美食爱好者的天堂，店内环境整洁舒适，服务周到热情。肉质鲜嫩多汁，烤得恰到好处。 我觉得最关键的是这家店的主食免费，强推辛拉面和南瓜粥，很香的一小份，真的很实惠，但主食里的石锅拌饭我就觉得一般了。 烤肉比较推荐雪花肥牛和牛五花。,0
帮烤服务挺到位，味道也很不错，分量还是挺足，,0
我和闺蜜一起来的，第一次来，店面装修好有氛围感像个小酒吧，墙上贴纸好看，菜品摆盘颜值高讲究，肉肉很多，大大的满足，下次还会来。,0
肉还不错，有人帮忙烤，烤的很不错，尽心尽力。,0
分量足够，主食可选也可以随便吃，有人帮忙烤，味道可以的,0
非常不错位置很好找，肉很好吃推荐一下，服务员都很热情可以帮忙烤,0
服务超级好！！！味道也很好 [薄荷]环境： 环境超好很有韩味  [服务铃]服务： 服务特别棒 肉质很好很好吃推荐！！性价比超级高,0
「黑猪排骨五花肉」「爆品南瓜粥」「IBP雪花肥牛」「雪花猪颈肉」「石锅拌饭」好吃爱吃下次还来性价比高,0
服务超级好！！！味道也很好 [薄荷]环境： 环境超好很有韩味  [服务铃]服务： 服务特别棒 肉质很好很好吃推荐！！性价比超级高,0
「黑猪排骨五花肉」「爆品南瓜粥」「IBP雪花肥牛」「雪花猪颈肉」「石锅拌饭」好吃爱吃下次还来性价比高,0
大学生一定要来这家店试试，价格合适，服务到位，而且真的很好吃，来了好多好多次了,0
[薄荷]环境: 工作日过来很好，没有等位，座位比较宽敞。 「爆品南瓜粥」南瓜粥确实一绝，口感很细腻，而且他们家主食免费，牛肉饭/拉面都可以，多份管饱，生菜也是免费的，二刷了，牛肉的品质有点参差不齐，虾不是很新鲜。,0
口味不错肉也新鲜南瓜粥好喝服务不错环境干净很推荐来,0
食材新鲜，店内环境也不错，服务也很周到。必须好评！！！,0
服务很好小姐姐帮忙烤肉环境也很棒味道非常好已经来了好几次了以后还会来,0
服务很好味道很好吃饭无限续很好性价比很高2个人吃的很饱才100多,0
服务态度很好，会帮忙烤肉，很有耐心 环境也很好，适合打卡拍照,0
口感 外焦里嫩， 环境 干净，看着很舒服，还有歌曲， 菜品 五花肉很推荐烤的焦焦肥肉不腻，还有南瓜粥甜甜的很好吃，主食也是免费不限量。 非常推荐,0
尊嘟尊嘟尊嘟很好吃，每块肉都好吃，送的小菜也很好吃😋😋😋😋,0
推荐的一家店！ 兜了圈群光，实在是都吃过了，不……想吃。于是，来到隔壁。 在一楼，发现了你，来44呗。 五花肉，特别美的一长条，包裹了酱汁配合生菜，叨进嘴里，那个润～ 酱汁稍微有点咸，建议调配的时候，搞淡一些…… 挺好的一家店，难怪生意好！,0
韩式烤肉一直是我心中的美食之选。这家烤肉店的装修简约而不失格调，营造出一种温馨舒适的用餐氛围。烤肉种类丰富，从经典的五花肉到鲜嫩的牛小排，每一片肉都经过精心挑选，保证了食材的新鲜和品质。烤肉时，炭火的热度均匀，使得肉质烤得外焦里嫩，肉汁被完美地锁在肉中。搭配店家特制的韩式酱料，每一口都是对味觉的极致诱惑。服务人员态度亲切，耐心地为顾客讲解烤肉的技巧和搭配方式，让整个用餐过程更加愉悦。此外，小菜种类繁多，口味地道，为烤肉增色不少。总的来说，这家韩式烤肉店无论是在食材、味道还是服务上都表现出众，是值得一试的美食体验,0
经常去的一家烤肉店，值得推荐一下,0
老顾客了，经常来吃，环境非常好，服务员也很热情，还会帮忙烤肉。菜品很好吃，价格也很实惠，推荐大家来吃,0
这家烤肉店真的非常不错！和朋友一起去尝了一次，感觉性价比真的很高。首先，店里的装修很有特色，环境舒适，让人感觉很放松。其次，店家的服务态度也非常好，热情周到，让人感到宾至如归。最重要的是，烤肉的口味真的非常好！肉类新鲜，烤制火候恰到好处，肉质鲜嫩多汁，入口即化。而且，店家的价格也非常合理，分量十足，真的是物超所值。我一定会推荐更多的朋友来尝试这家烤肉店，相信他们也会和我一样满意的！,0
这家店的装修风格简约而大气，木质的桌椅给人一种温馨舒适的感觉。走进店里，迎面而来的是一股浓郁的烤肉香气，让人垂涎欲滴。服务员热情周到，耐心地为我们介绍各种菜品的特点，让我们在品尝美食的同时，也能感受到店家的关怀,0
我在武汉吃烤肉的白月光就是这家，太好吃了，蘸料味道相当好，肉质也非常鲜美，肉质新鲜，鲜嫩多汁，无敌推荐，蔬菜也都很新鲜。每周都要吃一次甚至两次！简直一整个大满足，每次吃完都感觉又被治愈了，建议大家尝试！,0
偶然发现这家店，大家的评论都还不错，所以来试试。点了一个套餐，虽然菜品种类不多，但是菜品的量还是可以的，两个人吃得饱。而且两个人打卡还可以送一道地道肠。服务员可以帮烤，还是很方便的，部分主食不限量也很贴心~,0
在街道口呢我是吃过很多家的烤肉，他们家也算是非常有其特点，第一食材比较好，肉腌制的比较好吃，第二性价比非常非常高，一般做活动的时候是值得买卷来吃一吃的，他们家的主食是不收钱的喔，拉面和石锅饭都是可以免费续的，说了优点来说下缺点，就是每次来吃都排队很久，喜欢吃烤肉的建议不要周末来吃！,0
[薄荷]环境: 在乐天城一楼，装修不错 [服务铃]服务: 态度很好，会帮忙烤肉添小料啥的 「爆品南瓜粥」口感不错，可以无限续「韩国拉面」口味比较清淡，可以试试加点调料进去，我加了辣椒粉以后感觉很不错「照烧大鸡腿」份量很多，很划算,0
一人也很热情接待帮烤，主食免费无限续吃，上菜速度也很快离办公室很近几分钟就到不知道吃什么的时候就会去这家，除了节假日可能会需要排队，第一次去是团的套餐，充了值之后价格就更划算了，想吃什么就直接点一个人均价40元左右就可以吃到撑。平均一个月去两三次。,0
总体来说性价比还可以五花肉比较嫩但是主食的分量都比较小,0
环境氛围很好哦，味道超级不错，下次还要来！ 主食免费续，真滴超级不错。,0
菜的品质很好，小哥哥的服务非常的好，推荐可以多来,0
最具性价比的烤肉店，人均60块钱就能吃的饱饱的！玖段烤肉的肉质鲜美，服务热情周到，环境也很舒适，下次还会再来  玖段烤肉的肉质鲜美，服务热情周到，环境也很舒适，下次还会再来。[^4^],0
第二次吃玖段烤肉了，肉的分量依旧是很多，非常的满足。最喜欢的是这个上脑牛排，在别家烤肉都没吃到过这么好吃的。环境很好，有服务员帮忙烤肉，服务态度很好。,0
肉质不错，如果一次上来的生菜量能更多就更好了,0
[薄荷]环境： 店面虽然不大，但布局合理。 [服务铃]服务： 上菜挺快的，小哥哥服务周到。 菜品种类选择还挺多的，带小朋友🧒去的，味道很nice 小朋友超爱玉米🌽又甜又香 位置： 地理位置挺好找，离群光近，适合喜欢逛街的姐妹们👭,0
服务员态度很好还帮忙烤肉免费的小菜和主食味道意外还不错鸡爪很好吃（就是有点辣不吃辣星人谨慎尝试）,0
第一次来这家店！服务很好，姐姐会帮忙烤肉，技术也很好。味道也不错肉很嫩菜也很新鲜，米酒好喝！周日下午来人也很多呢，以后还会来。,0
菜品都很新鲜，然后有专业的小姐姐帮你烤肉，非常耐心细心会问你需要什么！超级好评，好评,0
环境好好，送的小菜超好吃！！！！服务员超有耐心帮考。肉都很新鲜,0
菜品和照片严重不符合量也少生菜一次就给3片还不是完整的一片只有上面老的叶子。还有虫子都没有洗干净还有虫卵一样的不敢吃再也不会去环境特别不好没有一点好的体验感,0
环境不错服务热情味道新鲜下次还来！,0
服务热情，环境很好，干净整洁，价格实惠，上菜快 [口味]肉的品质很不错 [服务]很周到 [环境]装修很韩系 性价比，学生党必备,0
在乐天城一楼，位置非常好找，服务特别好，小姐姐全程帮烤，主食无限续，他家的辛拉面炒鸡好吃，烤肉也非常棒，肉质很好，调料味道也好，强推！！！！,0
非常好吃，下次还来，非常好好好好好好好好,0
味道好吃，主食免费，肉品新鲜，推荐,0
菜品丰富味道非常不错哦！免费的主食和小菜都可以无限续加，非常棒哦！,0
烤肉新鲜，开胃菜有特色，整个用餐过程都有服务员帮忙翻面，剪切烤肉，烤盘也及时跟换，用餐体验不错！,0
味道还算可以的。我们两个人去吃的，价格也适中。 [薄荷]环境： 一般,0
环境很不错哦，菜品也可以，饭面不限量！,0
特别好吃，环境很好服务也很好，店员会帮忙烤肉,0
肉的口感都很好，而且充值之后价格还是很优惠的，超好吃的小酱菜（吃了两碟没了）泡面和拌饭无限续好评！！！,0
今天点的一份套餐。服务员端上来的时候简直被惊艳到了，摆盘都是用小碟装的，非常精致，看着都是小份，但是吃起来让你觉得份量十足。那碗南瓜羹真的回味无穷，南瓜羹吃完还可以续，免费的哦。服务员也非常热情。,0
"""【一味入魂】韩香缭绕，姜虎东白丁烤肉，肉质鲜嫩多汁，木炭火烤出地道韩味，每一口都是对味觉的极致礼赞，美食探索者的必打卡圣地！""",0
梅花芯肉比五花肉瘦一点，烤得时间也比五花肉短，服务热情周到，细致入微，推荐上脑牛排，比较嫩个人更喜欢上脑牛排,0
餐厅的服务和味道都非常出色。小姐姐态度热情，细致入微，让我们感到非常nice！菜品口感和颜值都令人满意，让人意犹未尽,0
第一次吃他们家味道还行，食材配制蛮丰富，服务还是蛮用心；也很干净卫生让我吃的非常放心,0
味道很好，食材新鲜，服务态度很好，环境优美，价格实惠。,0
「爆品南瓜粥」特别好喝，很细腻丝滑，服务也很到位，都是全程帮忙烤的，我家小孩就喜欢吃他们家的寿司🍣🍣，主食都是免费的，这种体验感确实不错，继续保持,0
环境干净卫生，音乐也非常好听很有氛围感，跟朋友吃饭的选择里面最喜欢的一家烤肉店了，特别喜欢牛排和香肠,0
环境很好，干净卫生，非常满意，服务人员的态度很好，上菜快,0